gene_symbol	inheritance_mode
-	AD
A2ML1	AD
A4GALT	AD
AAAS	AR
AAGAB	AD
AANAT	AD
AAR2	AR
AARS1	mixed
AARS2	AR
AASS	AR
ABAT	AR
ABCA1	mixed
ABCA12	AR
ABCA2	AR
ABCA3	AR
ABCA4	mixed
ABCA5	AR
ABCA7	AD
ABCB1	AR
ABCB11	AR
ABCB4	mixed
ABCB5	AR
ABCB6	AD
ABCB7	XL
ABCC1	AD
ABCC2	AR
ABCC4	AR
ABCC6	mixed
ABCC8	mixed
ABCC9	mixed
ABCD1	XL
ABCD3	mixed
ABCD4	AR
ABCG2	AD
ABCG5	AR
ABCG8	AR
ABHD12	AR
ABHD16A	AR
ABHD5	AR
ABL1	AD
ACACA	AR
ACAD8	AR
ACAD9	AR
ACADL	AR
ACADM	AR
ACADS	AR
ACADSB	AR
ACADVL	AR
ACAN	mixed
ACAT1	AR
ACAT2	AR
ACBD5	AR
ACBD6	AR
ACD	mixed
ACE	AR
ACER3	AR
ACKR3	AR
ACMSD	AD
ACO2	AR
ACOX1	mixed
ACOX2	AR
ACP2	AR
ACP4	mixed
ACP5	AR
ACR	AR
ACSF3	AR
ACSL4	XL
ACSL5	AR
ACTA1	mixed
ACTA2	AD
ACTB	AD
ACTC1	AD
ACTG1	AD
ACTG2	AD
ACTL6A	AD
ACTL6B	mixed
ACTL7A	AR
ACTL9	AR
ACTN1	AD
ACTN2	AD
ACTN4	AD
ACVR1	AD
ACVR1B	AD
ACVR2B	AD
ACVRL1	AD
ACY1	AR
ADA	AR
ADA2	AR
ADAM10	AD
ADAM17	mixed
ADAM20	AD
ADAM22	AR
ADAM9	AR
ADAMTS1	mixed
ADAMTS10	AR
ADAMTS13	AR
ADAMTS15	AR
ADAMTS17	AR
ADAMTS18	AR
ADAMTS19	AR
ADAMTS2	AR
ADAMTS3	AR
ADAMTS9	AR
ADAMTSL2	AR
ADAMTSL4	AR
ADAR	mixed
ADARB1	AR
ADAT3	AR
ADCY1	AR
ADCY10	AD
ADCY3	AR
ADCY5	mixed
ADCY6	AR
ADD1	AD
ADD3	AR
ADGRA3	AR
ADGRE2	AD
ADGRG1	AR
ADGRG2	XL
ADGRG4	AD
ADGRG6	AR
ADGRL1	AD
ADGRV1	mixed
ADH1B	AD
ADH1C	AD
ADH5	AR
ADIPOQ	AD
ADIPOR1	AD
ADK	AR
ADNP	AD
ADPRS	AR
ADRA2A	AD
ADRA2B	mixed
ADRB1	AD
ADRB2	AD
ADRB3	mixed
ADSL	AR
ADSS1	AR
AEBP1	AR
AFDN	AD
AFF2	XL
AFF3	AD
AFF4	AD
AFG2A	AR
AFG2B	AR
AFG3L2	mixed
AFP	mixed
AGA	AR
AGAP1	AD
AGBL1	AD
AGBL2	AR
AGBL5	AR
AGK	AR
AGL	AR
AGMO	mixed
AGO1	AD
AGO2	AD
AGO3	AD
AGPAT2	AR
AGPAT3	AR
AGPS	AR
AGR2	AR
AGRN	AR
AGRP	mixed
AGT	AR
AGTPBP1	AR
AGTR1	AR
AGTR2	XL
AGXT	AR
AGXT2	AR
AHCY	AR
AHDC1	AD
AHI1	AR
AHNAK2	AR
AHR	AR
AHSG	AR
AICDA	AR
AIFM1	XL
AIMP1	AR
AIMP2	AR
AIP	mixed
AIPL1	mixed
AIRE	mixed
AJAP1	AD
AK1	AR
AK2	AR
AK7	AR
AK9	AR
AKAP3	AR
AKAP6	AD
AKAP9	AD
AKNA	AR
AKR1C2	AR
AKR1C4	AR
AKR1D1	AR
AKR1E2	AR
AKT1	AD
AKT2	AD
AKT3	AD
ALAD	AR
ALAS2	XL
ALB	mixed
ALDH18A1	mixed
ALDH1A2	AR
ALDH1A3	AR
ALDH1B1	AD
ALDH1L2	AR
ALDH2	AD
ALDH3A2	AR
ALDH4A1	AR
ALDH5A1	AR
ALDH6A1	AR
ALDH7A1	AR
ALDOA	AR
ALDOB	AR
ALG1	AR
ALG10	AR
ALG10B	AD
ALG11	AR
ALG12	AR
ALG13	XL
ALG14	AR
ALG2	AR
ALG3	AR
ALG5	AD
ALG6	AR
ALG8	mixed
ALG9	AR
ALK	AD
ALKBH8	AR
ALMS1	AR
ALOX12B	AR
ALOX15	AR
ALOX5	AD
ALOXE3	AR
ALPI	AR
ALPK1	AD
ALPK3	AR
ALPL	mixed
ALS2	AR
ALX1	AR
ALX3	AR
ALX4	mixed
AMACR	AR
AMBN	AR
AMBRA1	AD
AMELX	XL
AMER1	XL
AMFR	AR
AMH	AR
AMHR2	AR
AMIGO2	AD
AMMECR1	XL
AMN	AR
AMOTL1	AD
AMPD1	AR
AMPD2	AR
AMPD3	AR
AMT	AR
AMTN	AD
ANAPC1	AR
ANAPC7	AR
ANG	AD
ANGPT1	AD
ANGPT2	AD
ANGPTL3	AR
ANGPTL6	AD
ANGPTL8	AD
ANK1	mixed
ANK2	AD
ANK3	AR
ANKDD1B	AD
ANKFY1	mixed
ANKH	AD
ANKLE2	AR
ANKRD1	AD
ANKRD11	AD
ANKRD17	AD
ANKRD24	AR
ANKRD26	AD
ANKRD31	AD
ANKS1B	AD
ANKS3	mixed
ANKS6	AR
ANKZF1	AR
ANLN	AD
ANO1	mixed
ANO10	AR
ANO3	AD
ANO4	AD
ANO5	mixed
ANO6	AR
ANOS1	mixed
ANTXR1	mixed
ANTXR2	AR
ANXA11	AD
ANXA5	AD
AOPEP	AR
AP1B1	AR
AP1G1	mixed
AP1S1	AR
AP1S2	XL
AP1S3	AD
AP2M1	AD
AP2S1	AD
AP3B1	AR
AP3B2	AR
AP3D1	AR
AP4B1	AR
AP4E1	mixed
AP4M1	AR
AP4S1	AR
AP5Z1	AR
APAF1	AD
APBA2	AD
APC	AD
APC2	AR
APCDD1	AD
APEX1	AD
APOA1	mixed
APOA2	mixed
APOA4	AD
APOA5	AD
APOB	mixed
APOC2	AR
APOC3	AD
APOE	mixed
APOL1	mixed
APOL2	AD
APOLD1	AR
APOO	XL
APP	AD
APPL1	AD
APRT	AR
APTX	AR
AQP1	AD
AQP11	AR
AQP2	mixed
AQP4	AD
AQP5	AD
AR	XL
ARAF	AD
ARAP3	AD
ARCN1	AD
ARF1	AD
ARF3	AD
ARFGEF1	AD
ARFGEF2	AR
ARFGEF3	AD
ARG1	AR
ARHGAP19	AR
ARHGAP24	AD
ARHGAP26	AD
ARHGAP29	AD
ARHGAP31	AD
ARHGAP33	AR
ARHGAP35	AD
ARHGAP39	AR
ARHGAP4	XL
ARHGAP42	AR
ARHGDIA	AR
ARHGEF1	AR
ARHGEF10	AD
ARHGEF15	AD
ARHGEF18	AR
ARHGEF2	AR
ARHGEF28	mixed
ARHGEF38	AD
ARHGEF40	AD
ARHGEF6	mixed
ARHGEF9	XL
ARID1A	AD
ARID1B	AD
ARID2	AD
ARIH1	AD
ARL11	AD
ARL13B	AR
ARL14EP	AR
ARL2	AD
ARL2BP	AR
ARL3	mixed
ARL6	mixed
ARL6IP1	AR
ARL6IP6	AR
ARMC12	AR
ARMC2	AR
ARMC5	AD
ARMC9	AR
ARNT2	AR
ARPC1B	AR
ARPC3	AD
ARPC4	AD
ARPC5	AR
ARPP21	AD
ARR3	XL
ARSA	AR
ARSB	AR
ARSG	AR
ARSI	AR
ARSK	AR
ARSL	XL
ART4	AR
ARV1	AR
ARX	XL
ASAH1	AR
ASB10	AD
ASB17	AD
ASCC1	AR
ASCC3	AR
ASCL1	mixed
ASCL5	AD
ASH1L	AD
ASL	AR
ASNS	AR
ASPA	AR
ASPH	AR
ASPM	AR
ASPN	AD
ASPNAT	AR
ASPRV1	AD
ASRGL1	AR
ASS1	AR
ASTE1	AD
ASTL	AR
ASTN1	AR
ASTN2	AD
ASXL1	AD
ASXL2	AD
ASXL3	AD
ASZ1	AR
ATAD1	AR
ATAD2B	AR
ATAD3A	mixed
ATCAY	AR
ATE1	AR
ATF6	AR
ATG12	AD
ATG4A	XL
ATG4D	AR
ATG5	AR
ATG7	AR
ATG9A	AR
ATIC	AR
ATL1	AD
ATL3	AD
ATM	mixed
ATN1	AD
ATOH1	AD
ATOH7	AR
ATP11A	AD
ATP11C	XL
ATP13A1	AR
ATP13A2	AR
ATP13A3	AD
ATP1A1	AD
ATP1A2	mixed
ATP1A3	AD
ATP1A4	AD
ATP2A1	AR
ATP2A2	AD
ATP2B1	AD
ATP2B2	AD
ATP2B3	XL
ATP2B4	AD
ATP2C1	AD
ATP2C2	AD
ATP4A	AR
ATP5F1A	mixed
ATP5F1B	AD
ATP5F1D	AR
ATP5F1E	AR
ATP5MC3	AD
ATP5MK	AR
ATP5PB	AD
ATP5PO	AR
ATP6AP1	XL
ATP6AP2	XL
ATP6V0A1	mixed
ATP6V0A2	AR
ATP6V0A4	AR
ATP6V0C	AD
ATP6V0D2	AR
ATP6V1A	mixed
ATP6V1B1	AR
ATP6V1B2	AD
ATP6V1C1	AD
ATP6V1C2	AR
ATP6V1E1	AR
ATP7A	XL
ATP7B	AR
ATP8A2	AR
ATP8B1	mixed
ATP9A	AR
ATPAF2	AR
ATR	mixed
ATRIP	mixed
ATRX	XL
ATXN1	AD
ATXN10	AD
ATXN2	AD
ATXN2L	AD
ATXN3	AD
ATXN7	AD
ATXN7L3	AD
ATXN8	AD
ATXN8OS	AD
AUH	AR
AURKA	AD
AURKC	AR
AUTS2	AD
AVIL	AR
AVP	AD
AVPR1A	AD
AVPR2	XL
AXIN1	AR
AXIN2	AD
AXL	AR
B2M	mixed
B3GALNT1	AD
B3GALNT2	AR
B3GALT6	AR
B3GAT3	AR
B3GLCT	AR
B3GNT2	AR
B4GALNT1	AR
B4GALT1	AR
B4GALT7	AR
B4GAT1	AR
B9D1	AR
B9D2	AR
BAAT	AR
BACH2	AD
BAG3	AD
BAG5	AR
BAIAP2	AD
BANF1	AR
BAP1	AD
BARD1	AD
BAX	AD
BAZ1A	AD
BAZ1B	AD
BAZ2B	AD
BBIP1	AR
BBS1	AR
BBS10	AR
BBS12	AR
BBS2	AR
BBS4	AR
BBS5	AR
BBS7	AR
BBS9	AR
BCAM	AR
BCAP31	XL
BCAS3	AR
BCAT2	AR
BCHE	AR
BCKDHA	AR
BCKDHB	AR
BCKDK	AR
BCL10	AR
BCL11A	AD
BCL11B	AD
BCL9	AD
BCL9L	AR
BCO1	AD
BCOR	XL
BCORL1	XL
BCS1L	AR
BDH1	AR
BDP1	AR
BEAN1	AD
BEST1	mixed
BET1	AR
BFSP1	mixed
BFSP2	AD
BGN	XL
BHLHA9	AR
BHLHE22	AD
BHLHE41	AD
BICC1	AD
BICD2	AD
BICRA	AD
BIK	AD
BIN1	AR
BLK	AD
BLM	AR
BLNK	AR
BLOC1S1	AR
BLOC1S3	AR
BLOC1S5	AR
BLOC1S6	AR
BLTP1	AR
BLVRA	mixed
BMP1	AR
BMP10	AD
BMP15	XL
BMP2	mixed
BMP3	AD
BMP4	AD
BMP5	AR
BMP6	AD
BMP7	AD
BMPER	AR
BMPR1A	AD
BMPR1B	mixed
BMPR2	AD
BMS1	AD
BNC1	AD
BNC2	AD
BNIP1	AR
BOD1	AR
BOLA3	AR
BORCS5	AR
BORCS8	AR
BPGM	AR
BPIFC	AD
BPNT2	AR
BPTF	AD
BRAF	AD
BRAP	mixed
BRAT1	AR
BRCA1	mixed
BRCA2	mixed
BRCC3	mixed
BRD4	AD
BRDT	AR
BRF1	AR
BRIP1	mixed
BRPF1	AD
BRSK2	AD
BRWD1	AR
BRWD3	XL
BSCL2	mixed
BSN	mixed
BSND	AR
BTD	AR
BTG4	AR
BTK	XL
BTNL2	AD
BUB1	mixed
BUB1B	mixed
BUB3	AD
BUD13	AR
BVES	AR
C10orf71	AD
C12orf57	AR
C14orf39	AR
C16orf90	AR
C18orf32	AR
C19orf12	mixed
C19orf44	AR
C1GALT1C1	XL
C1QA	AR
C1QB	AR
C1QBP	AR
C1QC	AR
C1QTNF5	AD
C1R	AD
C1S	AD
C2	AR
C2CD3	AR
C2orf69	AR
C3	mixed
C3orf52	AR
C4A	AR
C4B	AR
C5	AR
C5orf47	AD
C6	AR
C7	AR
C8A	AR
C8B	AR
C9	AD
C9orf72	AD
CA12	AR
CA2	AR
CA4	AD
CA5A	AR
CA8	AR
CABIN1	AD
CABP2	AR
CABP4	AR
CACHD1	AR
CACNA1A	AD
CACNA1B	AR
CACNA1C	AD
CACNA1D	mixed
CACNA1E	AD
CACNA1F	XL
CACNA1G	AD
CACNA1H	AD
CACNA1I	AD
CACNA1S	mixed
CACNA2D1	AR
CACNA2D2	AR
CACNA2D4	AR
CACNB2	AD
CACNB4	AD
CACNG2	AD
CAD	AR
CADM1	AD
CADM3	AD
CALCR	AD
CALCRL	AR
CALM1	AD
CALM2	AD
CALM3	AD
CALR	AD
CALR3	AD
CAMK2A	mixed
CAMK2B	AD
CAMK2D	AD
CAMK2G	AD
CAMK4	AD
CAMLG	AR
CAMSAP1	AR
CAMTA1	AD
CANT1	AR
CAP2	AR
CAPN1	AR
CAPN10	AR
CAPN12	AR
CAPN15	AR
CAPN3	mixed
CAPN5	AD
CAPNS1	AR
CAPRIN1	AD
CAPS2	AR
CAPZA2	AD
CARD10	AR
CARD11	mixed
CARD14	AD
CARD8	AD
CARD9	AR
CARMIL2	AR
CARS1	AR
CARS2	AR
CARTPT	mixed
CASK	XL
CASP10	AD
CASP14	AR
CASP2	AR
CASP8	mixed
CASQ1	AD
CASQ2	mixed
CASR	mixed
CAST	AR
CASZ1	AD
CAT	AR
CATIP	AR
CATSPER1	AR
CATSPER2	AR
CATSPERT	AR
CAV1	mixed
CAV2	AD
CAV3	AD
CAVIN1	AR
CBFB	AD
CBL	AD
CBLB	AR
CBLIF	AR
CBS	AR
CBX1	AD
CBX2	AR
CBY1	AR
CC2D1A	AR
CC2D2A	AR
CCBE1	AR
CCDC115	AR
CCDC120	XL
CCDC134	AR
CCDC141	AR
CCDC146	AR
CCDC158	AR
CCDC174	AR
CCDC22	XL
CCDC28B	AR
CCDC32	AR
CCDC34	AR
CCDC39	AR
CCDC40	AR
CCDC47	AR
CCDC50	AD
CCDC62	AR
CCDC78	AD
CCDC8	AR
CCDC82	AR
CCDC88A	AR
CCDC88C	mixed
CCDC91	AD
CCIN	AR
CCL11	AD
CCL2	AD
CCM2	AD
CCN2	mixed
CCN6	AR
CCNA2	AR
CCND1	AD
CCND2	AD
CCNF	AD
CCNK	AD
CCNO	AR
CCNQ	XL
CCP110	AR
CCR2	AR
CCT2	AR
CCT3	AD
CCT4	AD
CCT5	AR
CCT6A	AD
CCT7	AD
CCT8	AD
CD151	AR
CD164	AD
CD19	mixed
CD207	AD
CD247	AR
CD27	AR
CD274	AR
CD28	AR
CD2AP	mixed
CD320	AR
CD36	AR
CD3D	AR
CD3E	AR
CD3G	AR
CD4	AR
CD40	AR
CD40LG	XL
CD46	mixed
CD55	AR
CD59	AR
CD70	AR
CD79A	AR
CD79B	AR
CD81	AR
CD8A	AR
CD96	AD
CDAN1	AR
CDC14A	AR
CDC20	AR
CDC40	AR
CDC42	AD
CDC42BPB	AD
CDC45	AR
CDC6	AR
CDC73	AD
CDCA7	AR
CDH1	AD
CDH11	mixed
CDH15	AD
CDH2	mixed
CDH23	mixed
CDH3	AR
CDH4	AR
CDHR1	AR
CDIN1	AR
CDK10	AR
CDK13	AD
CDK16	XL
CDK19	AD
CDK20	AR
CDK4	mixed
CDK5	AR
CDK5RAP2	AR
CDK6	AR
CDK8	AD
CDK9	AD
CDKL5	XL
CDKN1B	AD
CDKN1C	AD
CDKN2A	AD
CDKN2B	AD
CDO1	AD
CDON	AD
CDSN	mixed
CDT1	AR
CEACAM16	mixed
CEACAM3	AR
CEACAM6	AR
CEBPA	AD
CEBPE	AR
CEL	AD
CELA2A	AD
CELF2	AD
CELF4	AD
CELSR1	AD
CELSR3	AR
CEMIP	AR
CENATAC	AR
CENPE	AR
CENPF	AR
CENPI	XL
CENPJ	AR
CENPT	AR
CEP104	AR
CEP112	AR
CEP120	AR
CEP131	AR
CEP135	AR
CEP152	AR
CEP164	AR
CEP19	AR
CEP250	AR
CEP290	AR
CEP295	AR
CEP41	AR
CEP55	AR
CEP57	AR
CEP63	AR
CEP78	AR
CEP83	AR
CEP85L	AD
CEP89	mixed
CERKL	AR
CERS1	AR
CERS3	AR
CERT1	AD
CES1	AD
CETP	AD
CFAP206	AR
CFAP221	AR
CFAP251	AR
CFAP276	AD
CFAP298	AR
CFAP300	AR
CFAP410	AR
CFAP418	mixed
CFAP43	mixed
CFAP44	AR
CFAP45	AR
CFAP46	AR
CFAP47	XL
CFAP52	AR
CFAP53	AR
CFAP54	AR
CFAP57	AR
CFAP58	AR
CFAP61	AR
CFAP65	AR
CFAP69	AR
CFAP70	AR
CFAP74	AR
CFAP91	AR
CFB	mixed
CFC1	AD
CFD	AR
CFH	mixed
CFHR1	mixed
CFHR3	mixed
CFHR5	AD
CFI	mixed
CFL2	AR
CFP	XL
CFTR	mixed
CHAF1A	AR
CHAF1B	AR
CHAMP1	AD
CHASERR	AD
CHAT	AR
CHCHD10	AD
CHCHD2	AD
CHD1	AD
CHD1L	AD
CHD2	AD
CHD3	AD
CHD4	AD
CHD5	AD
CHD7	mixed
CHD8	AD
CHEK1	AD
CHEK2	AD
CHI3L1	AD
CHIC2	AD
CHIT1	AR
CHKA	AR
CHKB	AR
CHL1	AD
CHM	XL
CHMP1A	AR
CHMP2B	AD
CHMP4B	AD
CHN1	AD
CHP1	AR
CHRD	AR
CHRDL1	XL
CHRM1	AD
CHRM3	AR
CHRNA1	mixed
CHRNA2	AD
CHRNA3	AR
CHRNA4	AD
CHRNA7	AD
CHRNB1	mixed
CHRNB2	AD
CHRNB4	AD
CHRND	mixed
CHRNE	mixed
CHRNG	AR
CHST11	AR
CHST14	AR
CHST3	AR
CHST6	AR
CHST8	AR
CHSY1	AR
CHUK	AR
CIAO1	AR
CIAO3	AR
CIB1	AR
CIB2	AR
CIBAR1	AR
CIC	AD
CIDEC	AR
CIITA	AR
CILK1	mixed
CIROP	AR
CIROZ	AR
CISD2	AR
CIT	AR
CITED2	AD
CIZ1	AD
CKAP2L	AR
CLASP1	AD
CLCA2	AD
CLCA4	AR
CLCC1	AR
CLCF1	AR
CLCN1	mixed
CLCN2	mixed
CLCN3	mixed
CLCN4	XL
CLCN5	XL
CLCN6	AD
CLCN7	mixed
CLCNKA	AR
CLCNKB	AR
CLDN1	AR
CLDN10	AR
CLDN11	AD
CLDN14	AR
CLDN16	AR
CLDN19	AR
CLDN2	XL
CLDN5	AD
CLDN9	AR
CLEC3B	AD
CLEC4C	AD
CLEC7A	AR
CLIC2	XL
CLIC5	AR
CLIP1	AR
CLMP	AR
CLN3	AR
CLN5	AR
CLN6	AR
CLN8	AR
CLP1	AR
CLPB	mixed
CLPP	AR
CLPX	AD
CLRN1	mixed
CLRN2	AR
CLTC	AD
CLTCL1	mixed
CLTRN	AR
CLXN	AR
CMAS	AR
CMPK2	AR
CMTR2	AD
CNBP	AD
CNGA1	mixed
CNGA2	mixed
CNGA3	AR
CNGB1	AR
CNGB3	AR
CNKSR1	AR
CNKSR2	XL
CNNM2	mixed
CNNM4	AR
CNOT1	AD
CNOT2	AD
CNOT3	AD
CNOT9	AD
CNP	AR
CNPY3	mixed
CNTN1	AR
CNTN2	AR
CNTN4	AD
CNTN6	AD
CNTNAP1	AR
CNTNAP2	AR
CNTNAP5	AD
COA3	AR
COA5	AR
COA6	AR
COA7	AR
COA8	AR
COASY	AR
COCH	mixed
COG1	AR
COG2	AR
COG3	AR
COG4	mixed
COG5	AR
COG6	AR
COG7	AR
COG8	AR
COL10A1	AD
COL11A1	mixed
COL11A2	mixed
COL12A1	mixed
COL13A1	AR
COL14A1	AD
COL17A1	mixed
COL18A1	mixed
COL1A1	AD
COL1A2	mixed
COL20A1	AD
COL25A1	AR
COL27A1	AR
COL2A1	AD
COL3A1	mixed
COL4A1	AD
COL4A2	mixed
COL4A3	mixed
COL4A4	mixed
COL4A5	XL
COL4A6	XL
COL5A1	AD
COL5A2	AD
COL6A1	mixed
COL6A2	mixed
COL6A3	mixed
COL6A6	AR
COL7A1	mixed
COL8A2	AD
COL9A1	mixed
COL9A2	mixed
COL9A3	mixed
COLEC10	AR
COLEC11	AR
COLGALT1	AR
COLQ	AR
COMP	AD
COMT	AD
COPA	AD
COPB1	AR
COPB2	mixed
COPG1	AR
COPZ1	AR
COQ2	mixed
COQ4	AR
COQ5	AR
COQ6	AR
COQ7	AR
COQ8A	AR
COQ8B	AR
COQ9	AR
CORIN	mixed
CORO1A	AR
COX10	AR
COX11	AR
COX14	AR
COX15	AR
COX16	AR
COX18	AR
COX20	AR
COX4I1	AR
COX4I2	AR
COX5A	AR
COX6A1	AR
COX6A2	AR
COX6B1	AR
COX7B	XL
COX8A	AR
COXFA4	AR
CP	AR
CPA1	AD
CPA6	mixed
CPAMD8	AR
CPAP	AR
CPE	AR
CPLANE1	AR
CPLX1	mixed
CPN1	AR
CPNE6	AR
CPOX	mixed
CPS1	AR
CPSF1	AD
CPSF3	AR
CPSF6	AD
CPT1A	AR
CPT1C	AD
CPT2	mixed
CR2	mixed
CRACR2A	AR
CRADD	AR
CRAT	AR
CRB1	mixed
CRB2	AR
CRBN	AR
CREB3L1	AR
CREB3L3	AD
CREBBP	AD
CREBRF	AD
CRELD1	mixed
CRH	AD
CRIM1	AD
CRIPT	AR
CRIPTO	AD
CRLF1	AR
CRLS1	AR
CRNKL1	AD
CRPPA	AR
CRTAP	AR
CRX	mixed
CRY1	AD
CRYAA	mixed
CRYAB	mixed
CRYBA1	AD
CRYBA2	AD
CRYBA4	AD
CRYBB1	mixed
CRYBB2	AD
CRYBB3	mixed
CRYGB	AD
CRYGC	AD
CRYGD	AD
CRYGS	AD
CRYM	AD
CSDE1	AD
CSF1R	mixed
CSF2RA	XL
CSF2RB	AR
CSF3	AR
CSF3R	mixed
CSGALNACT1	AR
CSMD1	mixed
CSMD3	AD
CSNK1D	AD
CSNK1E	AD
CSNK1G1	AD
CSNK2A1	AD
CSNK2B	AD
CSPG4	AD
CSPP1	AR
CSRP1	AD
CSRP3	AD
CST1	AR
CST3	AD
CST6	AR
CSTA	AR
CSTB	AR
CSTF2	XL
CT55	XL
CTBP1	AD
CTC1	AR
CTCF	AD
CTDP1	AR
CTF1	AD
CTH	AR
CTHRC1	AD
CTLA4	AD
CTNNA1	AD
CTNNA2	AR
CTNNA3	AD
CTNNB1	mixed
CTNNBL1	AR
CTNND1	AD
CTNND2	AD
CTNS	AR
CTPS1	AR
CTR9	AD
CTRC	AD
CTSA	mixed
CTSB	AD
CTSC	AR
CTSD	AR
CTSF	AR
CTSK	AR
CTTNBP2	AD
CTU2	AR
CUBN	AR
CUL3	AD
CUL4B	XL
CUL7	AR
CUX1	AD
CUX2	AD
CWC27	AR
CWF19L1	AR
CXCR2	AR
CXCR4	AD
CYB561	AR
CYB5A	AR
CYB5R3	AR
CYBA	AR
CYBB	XL
CYBC1	AR
CYBRD1	AR
CYC1	AR
CYCS	AD
CYFIP2	AD
CYLC1	XL
CYLC2	AD
CYLD	AD
CYP11A1	mixed
CYP11B1	mixed
CYP11B2	AR
CYP17A1	AR
CYP19A1	AR
CYP1B1	AR
CYP21A2	AR
CYP24A1	AR
CYP26B1	AR
CYP26C1	AR
CYP27A1	AR
CYP27B1	AR
CYP2A6	AD
CYP2C9	AD
CYP2D6	AR
CYP2R1	AR
CYP2U1	AR
CYP3A4	AD
CYP4F22	AR
CYP4V2	AR
CYP51A1	AR
CYP7A1	AD
CYP7B1	AR
CYS1	AR
D2HGDH	AR
DAAM2	AR
DAB1	AD
DACH2	AD
DACT1	AD
DAG1	AR
DAGLA	AD
DALRD3	AR
DAND5	AR
DAO	AD
DAOA	AD
DAP3	AR
DAPK1	AD
DARS1	AR
DARS2	AR
DAW1	AR
DAZL	mixed
DBH	AR
DBR1	AR
DBT	AR
DCAF13	AR
DCAF15	AR
DCAF17	AR
DCAF8	AD
DCC	mixed
DCDC2	AR
DCHS1	mixed
DCLRE1B	AR
DCLRE1C	AR
DCN	AD
DCPS	AR
DCT	AR
DCTN1	mixed
DCTN4	AR
DCX	XL
DCXR	AR
DDB1	AD
DDB2	AR
DDC	AR
DDHD1	AR
DDHD2	AR
DDOST	AR
DDR1	AR
DDR2	mixed
DDRGK1	AR
DDX11	AR
DDX17	AD
DDX23	AD
DDX25	AR
DDX39B	AD
DDX3X	XL
DDX41	AD
DDX53	XL
DDX54	mixed
DDX59	AR
DDX6	AD
DEAF1	mixed
DECR1	AR
DEF6	AR
DEGS1	AR
DENND4B	AD
DENND5A	AR
DENND5B	AD
DEPDC5	mixed
DES	mixed
DGAT1	AR
DGAT2	AD
DGCR2	AD
DGCR6	AD
DGCR8	AD
DGKE	AR
DGUOK	AR
DHCR24	AR
DHCR7	AR
DHDDS	mixed
DHFR	AR
DHH	AR
DHODH	AR
DHPS	AR
DHRS3	AR
DHRSX	AR
DHTKD1	mixed
DHX16	AD
DHX30	AD
DHX32	mixed
DHX34	mixed
DHX37	mixed
DHX38	AR
DHX9	AD
DIABLO	AD
DIAPH1	mixed
DIAPH2	XL
DIAPH3	AD
DICER1	AD
DIO1	AD
DIP2A	AD
DIP2B	AD
DIP2C	AD
DIS3L2	AR
DISC2	AD
DISP1	mixed
DKC1	XL
DLAT	AR
DLC1	AD
DLD	AR
DLG1	AD
DLG2	mixed
DLG3	XL
DLG4	AD
DLG5	AR
DLGAP2	AD
DLK1	AD
DLL1	AD
DLL3	AR
DLL4	AD
DLST	AD
DLX3	AD
DLX4	AD
DLX5	mixed
DLX6	AD
DMAP1	AR
DMBX1	AR
DMC1	AR
DMD	XL
DMGDH	AR
DMP1	AR
DMPK	AD
DMRT1	AD
DMRT2	AR
DMRTA2	AR
DMXL2	mixed
DNA2	mixed
DNAAF1	AR
DNAAF11	AR
DNAAF19	AR
DNAAF2	AR
DNAAF3	AR
DNAAF4	mixed
DNAAF5	AR
DNAAF6	XL
DNAH1	AR
DNAH10	AR
DNAH11	AR
DNAH12	AR
DNAH14	AR
DNAH17	AR
DNAH2	AR
DNAH3	AR
DNAH5	AR
DNAH6	AR
DNAH7	AR
DNAH8	AR
DNAH9	AR
DNAI1	AR
DNAI2	AR
DNAJA1	AR
DNAJA3	AR
DNAJB11	AD
DNAJB13	AR
DNAJB2	AR
DNAJB4	AR
DNAJB6	AD
DNAJC12	AR
DNAJC13	AD
DNAJC16	AR
DNAJC19	AR
DNAJC21	AR
DNAJC3	AR
DNAJC30	AR
DNAJC5	AD
DNAJC6	AR
DNAJC7	AD
DNAL1	AR
DNAL4	AR
DNALI1	AR
DNASE1	AD
DNASE1L3	AR
DNASE2	AR
DNHD1	AR
DNM1	mixed
DNM1L	mixed
DNM2	mixed
DNMBP	AR
DNMT1	AD
DNMT3A	AD
DNMT3B	AR
DOCK11	XL
DOCK2	AR
DOCK3	AR
DOCK4	AD
DOCK6	AR
DOCK7	AR
DOCK8	AR
DOCK9	AD
DOHH	AR
DOK7	AR
DOLK	AR
DONSON	AR
DOP1A	AR
DOT1L	AD
DPAGT1	AR
DPF2	AD
DPH1	AR
DPH2	AR
DPH5	AD
DPM1	AR
DPM2	AR
DPM3	AR
DPP6	AD
DPP9	AR
DPY19L2	AR
DPYD	AR
DPYS	AR
DPYSL2	AD
DPYSL5	AD
DRAM2	AR
DRC1	AR
DRC2	AR
DRC4	AR
DRD2	AD
DRD3	AD
DRD4	AD
DRD5	AD
DRG1	AR
DROSHA	AD
DRP2	XL
DSC2	mixed
DSC3	AR
DSCAM	AD
DSCAML1	mixed
DSE	AR
DSG1	mixed
DSG2	mixed
DSG3	AR
DSG4	AR
DSP	mixed
DSPP	AD
DST	AR
DSTYK	mixed
DTHD1	AR
DTNA	AD
DTNBP1	AR
DTYMK	AR
DUOX2	AR
DUOXA1	AD
DUOXA2	AR
DUSP6	mixed
DUSP8	AD
DUT	AR
DUX4	AD
DVL1	AD
DVL2	AD
DVL3	AD
DYM	AR
DYNC1H1	AD
DYNC1I1	AD
DYNC1I2	AR
DYNC2H1	AR
DYNC2I1	AR
DYNC2I2	AR
DYNC2LI1	AR
DYNLT2B	AR
DYRK1A	AD
DYRK1B	AD
DYSF	AR
DZIP1	mixed
DZIP1L	AR
EARS2	AR
EBF2	mixed
EBF3	AD
EBP	XL
ECE1	AD
ECE2	AD
ECEL1	AR
ECHS1	AR
ECM1	AR
EDA	XL
EDA2R	XL
EDAR	mixed
EDARADD	mixed
EDC3	AR
EDEM3	AR
EDN1	mixed
EDN3	mixed
EDNRA	AD
EDNRB	mixed
EED	AD
EEF1A2	AD
EEF1B2	AR
EEF1D	AR
EEF2	AD
EEFSEC	AR
EFCAB7	AR
EFEMP1	mixed
EFEMP2	AR
EFHC1	AD
EFL1	AR
EFNA4	AD
EFNB1	XL
EFNB2	AD
EFTUD2	AD
EGF	AR
EGFR	mixed
EGLN1	AD
EGR2	mixed
EHBP1L1	AR
EHD1	AR
EHHADH	AD
EHMT1	AD
EHMT2	AR
EIF2A	AR
EIF2AK1	AD
EIF2AK2	AD
EIF2AK3	AR
EIF2AK4	AR
EIF2B1	AR
EIF2B2	AR
EIF2B3	AR
EIF2B4	AR
EIF2B5	AR
EIF2S3	XL
EIF3F	AR
EIF3I	AD
EIF4A2	mixed
EIF4A3	AR
EIF4ENIF1	AD
EIF4G1	AD
EIF5A	AD
EIF6	AD
ELAC2	AR
ELANE	AD
ELF4	XL
ELFN1	AR
ELMO1	AR
ELMO2	AR
ELMOD1	AR
ELMOD3	mixed
ELN	AD
ELOVL1	AD
ELOVL4	mixed
ELOVL5	AD
ELP1	mixed
ELP2	AR
ELP4	AD
EMC1	AR
EMC10	AR
EMD	XL
EMG1	AR
EMILIN1	mixed
EML1	AR
EMP2	AR
EMX2	AD
EN1	AR
EN2	AD
ENAM	mixed
ENG	AD
ENO1	AD
ENO3	AR
ENPP1	mixed
ENTPD1	AR
EOGT	AR
EOMES	AR
EP300	AD
EP400	mixed
EPAS1	AD
EPB41	mixed
EPB41L1	AD
EPB41L3	AR
EPB42	AR
EPCAM	mixed
EPG5	AR
EPHA10	AD
EPHA2	AD
EPHA4	AD
EPHA7	AD
EPHB2	AR
EPHB4	AD
EPHX1	mixed
EPHX2	mixed
EPM2A	AR
EPO	mixed
EPOR	AD
EPRS1	AR
EPS15L1	AD
EPS8	AR
EPS8L2	AR
EPS8L3	AD
EPX	AR
ERAL1	AR
ERBB2	mixed
ERBB3	mixed
ERBB4	AD
ERBIN	AD
ERCC1	AR
ERCC2	AR
ERCC3	AR
ERCC4	AR
ERCC5	AR
ERCC6	mixed
ERCC6L2	AR
ERCC8	AR
ERF	AD
ERG	AD
ERGIC1	AR
ERGIC3	AR
ERI1	AR
ERLEC1	AD
ERLIN1	AR
ERLIN2	mixed
ERMARD	AD
ESAM	AR
ESCO2	AR
ESPN	AR
ESR1	mixed
ESR2	AD
ESRP1	AR
ESRP2	AD
ESRRB	AR
ESS2	AD
ETFA	AR
ETFB	AR
ETFDH	AR
ETHE1	AR
ETS1	AD
ETV2	AR
ETV6	AD
EVC	mixed
EVC2	mixed
EWSR1	AD
EXO1	AD
EXOC2	AR
EXOC3L2	AR
EXOC6B	AR
EXOC7	AR
EXOC8	AR
EXOSC1	AR
EXOSC2	AR
EXOSC3	AR
EXOSC4	AR
EXOSC5	AR
EXOSC8	AR
EXOSC9	AR
EXPH5	AR
EXT1	AD
EXT2	mixed
EXTL3	AR
EYA1	AD
EYA3	AD
EYA4	AD
EYS	AR
EZH1	mixed
EZH2	AD
EZR	AR
F10	AR
F11	mixed
F12	mixed
F13A1	mixed
F13B	AR
F2	mixed
F5	mixed
F7	AR
F8	XL
F9	XL
FA2H	AR
FAAH2	XL
FAAP100	AR
FAAP24	AR
FADD	AR
FAH	AR
FAM111A	AD
FAM111B	AD
FAM149B1	AR
FAM161A	AR
FAM177A1	AR
FAM194C	AD
FAM20A	AR
FAM20B	AR
FAM20C	AR
FAM47C	XL
FAM50A	XL
FAN1	AR
FANCA	AR
FANCB	XL
FANCC	AR
FANCD2	AR
FANCE	AR
FANCF	AR
FANCG	AR
FANCI	AR
FANCL	AR
FANCM	AR
FAR1	mixed
FARS2	AR
FARSA	AR
FARSB	AR
FAS	AD
FASLG	AD
FASN	AR
FASTKD2	AR
FASTKD5	AR
FAT1	AR
FAT2	AD
FAT4	AR
FBLN1	mixed
FBLN2	AD
FBLN5	mixed
FBN1	AD
FBN2	AD
FBP1	AR
FBP2	AD
FBRSL1	AD
FBXL3	AR
FBXL4	AR
FBXL7	AR
FBXO11	AD
FBXO22	AR
FBXO28	AD
FBXO31	AR
FBXO32	AR
FBXO38	AD
FBXO43	AR
FBXO7	AR
FBXW11	AD
FBXW4	AD
FBXW7	AD
FCGR2A	mixed
FCGR2B	AD
FCGR3A	AR
FCHO1	AR
FCN3	AR
FCSK	AR
FDFT1	AR
FDPS	AD
FDX2	AR
FDXR	AR
FECH	AR
FEM1B	AD
FEM1C	AD
FERMT1	AR
FERMT3	AR
FERRY3	AR
FEZF1	AR
FEZF2	AD
FGA	mixed
FGB	mixed
FGD1	XL
FGD4	AR
FGF10	AD
FGF12	AD
FGF13	XL
FGF14	AD
FGF16	XL
FGF17	mixed
FGF20	AR
FGF23	mixed
FGF3	AR
FGF4	AR
FGF5	AR
FGF8	mixed
FGF9	AD
FGFR1	mixed
FGFR2	AD
FGFR3	mixed
FGFRL1	AD
FGG	mixed
FGL2	AR
FH	mixed
FHL1	XL
FHL2	AD
FHOD3	AD
FIBCD1	AR
FIBP	AR
FICD	AR
FIG4	mixed
FIGLA	mixed
FILIP1	AR
FITM2	AR
FKBP10	AR
FKBP14	AR
FKBP4	AR
FKBP6	AR
FKBP8	AD
FKRP	AR
FKTN	AR
FLAD1	AR
FLCN	AD
FLG	mixed
FLG2	AR
FLI1	mixed
FLII	AR
FLNA	XL
FLNB	mixed
FLNC	AD
FLRT1	AR
FLRT3	mixed
FLT3	AD
FLT3LG	AR
FLT4	AD
FLVCR1	AR
FLVCR2	AR
FMN1	AR
FMN2	AR
FMNL2	AD
FMO3	AR
FMO5	AD
FMR1	XL
FN1	AD
FNIP1	AR
FOCAD	AR
FOLR1	AR
FOS	AR
FOSL2	AD
FOXA2	AD
FOXC1	AD
FOXC2	AD
FOXD3	AD
FOXE1	mixed
FOXE3	mixed
FOXF1	AD
FOXF2	AR
FOXG1	AD
FOXH1	AD
FOXI1	AR
FOXI3	AD
FOXJ1	AD
FOXL1	AD
FOXL2	AD
FOXN1	mixed
FOXP1	AD
FOXP2	AD
FOXP3	XL
FOXP4	AD
FOXR1	AD
FOXRED1	AR
FPR1	AR
FRA10AC1	AR
FRAS1	AR
FREM1	mixed
FREM2	AR
FRG1	AD
FRMD4A	AR
FRMD5	AD
FRMD7	XL
FRMPD4	XL
FRRS1L	AR
FRY	AR
FRYL	AD
FSCN2	AD
FSD1L	AR
FSHB	AR
FSHR	mixed
FSIP2	AR
FST	AD
FTCD	AR
FTH1	AD
FTL	mixed
FTO	AR
FTSJ1	XL
FUCA1	AR
FUS	AD
FUT1	AR
FUT2	AR
FUT6	AR
FUT8	AR
FUZ	AD
FXN	AR
FXR1	AR
FXYD2	AD
FYB1	AR
FYCO1	AR
FZD2	AD
FZD4	AD
FZD5	AD
FZD6	AR
FZR1	AD
G6PC1	AR
G6PC3	AR
G6PD	XL
GAA	AR
GAB1	AR
GABBR1	AR
GABBR2	AD
GABRA1	AD
GABRA2	AD
GABRA3	XL
GABRA4	AD
GABRA5	AD
GABRA6	AD
GABRB1	AD
GABRB2	AD
GABRB3	AD
GABRD	AD
GABRG1	AD
GABRG2	AD
GAD1	AR
GAL	AD
GALC	AR
GALE	AR
GALK1	AR
GALM	AR
GALNS	AR
GALNT12	AD
GALNT2	AR
GALNT3	AR
GALT	AR
GAMT	AR
GAN	AR
GANAB	AD
GAPVD1	AD
GARS1	AD
GAS1	AD
GAS2	AR
GAS2L2	AR
GATA1	XL
GATA2	AD
GATA3	AD
GATA4	AD
GATA5	mixed
GATA6	mixed
GATAD1	AR
GATAD2A	AD
GATAD2B	AD
GATB	AR
GATC	AR
GATM	mixed
GBA1	mixed
GBA2	AR
GBE1	AR
GBF1	AD
GCDH	AR
GCGR	AR
GCH1	mixed
GCK	mixed
GCLC	AR
GCM2	mixed
GCNA	XL
GCNT2	AR
GCOM1	AR
GCSH	AR
GDAP1	mixed
GDAP2	AR
GDF1	mixed
GDF11	AD
GDF15	AD
GDF2	AD
GDF3	AD
GDF5	mixed
GDF6	mixed
GDF9	AR
GDI1	XL
GDNF	AD
GDPD1	AD
GEMIN4	AR
GEMIN5	AR
GEN1	AD
GET3	AR
GET4	AR
GFAP	AD
GFER	AR
GFI1	AD
GFI1B	mixed
GFM1	AR
GFM2	AR
GFPT1	AR
GFRA1	AR
GFUS	AR
GGCX	AR
GGN	AR
GGPS1	AR
GGT1	AR
GH1	mixed
GHR	mixed
GHRHR	AR
GHRL	mixed
GHSR	mixed
GIGYF1	AD
GIGYF2	AD
GIMAP5	AR
GIMAP6	AR
GINS1	AR
GINS2	AR
GINS3	AR
GIPC1	AD
GIPC3	AR
GJA1	mixed
GJA3	AD
GJA5	AD
GJA8	AD
GJB1	XL
GJB2	mixed
GJB3	mixed
GJB4	AD
GJB6	mixed
GJC2	mixed
GK	XL
GLA	XL
GLB1	AR
GLCCI1	AD
GLDC	AR
GLDN	AR
GLE1	AR
GLI1	AR
GLI2	AD
GLI3	AD
GLIS1	AR
GLIS2	AR
GLIS3	AR
GLMN	AD
GLRA1	mixed
GLRA2	XL
GLRB	AR
GLRX5	AR
GLS	mixed
GLT8D1	AD
GLUD1	AD
GLUL	mixed
GLYCTK	AR
GM2A	AR
GMNN	AD
GMPPA	AR
GMPPB	AR
GNA11	AD
GNAI1	AD
GNAI2	AD
GNAI3	AD
GNAL	AD
GNAO1	AD
GNAQ	AD
GNAS	AD
GNAS-AS1	AD
GNAT1	mixed
GNAT2	AR
GNB1	AD
GNB2	AD
GNB3	AR
GNB4	AD
GNB5	AR
GNE	mixed
GNMT	AR
GNPAT	AR
GNPNAT1	AR
GNPTAB	AR
GNPTG	AR
GNRH1	AR
GNRHR	AR
GNS	AR
GOLGA2	AR
GOLGA3	AR
GON4L	AR
GON7	AR
GORAB	AR
GOSR2	AR
GOT2	AR
GP1BA	mixed
GP1BB	AR
GP6	AR
GP9	AR
GPAA1	AR
GPATCH11	AR
GPATCH3	AR
GPC3	mixed
GPC4	mixed
GPC6	AR
GPD1	AR
GPD1L	AD
GPD2	AD
GPHN	mixed
GPI	AR
GPIHBP1	AR
GPKOW	XL
GPN2	AR
GPNMB	AR
GPR101	XL
GPR143	XL
GPR156	AR
GPR161	mixed
GPR179	AR
GPR45	AR
GPR68	AR
GPR88	AR
GPRASP1	XL
GPRASP2	XL
GPRC5B	AD
GPSM2	AR
GPT2	AR
GPX1	AR
GPX4	AR
GRAMD1B	AR
GRAP	AR
GREB1L	AD
GREM1	AD
GREM2	AD
GRHL2	mixed
GRHL3	AD
GRHPR	AR
GRIA1	mixed
GRIA2	AD
GRIA3	XL
GRIA4	AD
GRID2	AR
GRIK2	mixed
GRIN1	mixed
GRIN2A	AD
GRIN2B	AD
GRIN2C	AD
GRIN2D	AD
GRIP1	AR
GRK1	AR
GRK2	AR
GRM1	mixed
GRM6	AR
GRM7	AR
GRN	mixed
GRWD1	AR
GRXCR1	AR
GRXCR2	AR
GSC	AR
GSDME	AD
GSK3B	AD
GSN	AD
GSPT2	XL
GSR	AR
GSS	AR
GSTM3	AR
GSTZ1	AR
GSX2	AR
GTF2E2	AR
GTF2H4	AR
GTF2H5	AR
GTF2IRD1	AR
GTF3A	AR
GTF3C3	AR
GTF3C5	AR
GTPBP1	AR
GTPBP2	AR
GTPBP3	AR
GUCA1A	AD
GUCA1B	AD
GUCY1A1	AR
GUCY2C	mixed
GUCY2D	mixed
GUF1	AR
GUK1	AR
GUSB	AR
GYG1	AR
GYPA	AD
GYPB	AD
GYPC	AD
GYS1	AR
GYS2	AR
GZF1	AR
H1-4	AD
H19	AD
H2AC6	AD
H3-3A	AD
H3-3B	AD
H3-4	AR
H4C11	AD
H4C2	AR
H4C3	AD
H4C4	AD
H4C5	AD
H4C6	AD
H4C9	AD
H6PD	AR
HAAO	AR
HABP2	AD
HACD1	AR
HACE1	AR
HADH	AR
HADHA	AR
HADHB	AR
HAGH	AD
HAL	mixed
HAMP	AR
HAND1	AD
HAND2	AD
HARS1	mixed
HARS2	AR
HAS2	AD
HAVCR2	AR
HAX1	AR
HBA1	AD
HBA2	AD
HBB	mixed
HBD	AR
HBG1	AD
HBG2	AD
HBS1L	AR
HCCS	XL
HCFC1	XL
HCK	AD
HCN1	AD
HCN2	AD
HCN4	AD
HCRT	AD
HDAC1	AD
HDAC2	AD
HDAC3	AD
HDAC4	AD
HDAC6	XL
HDAC8	XL
HDAC9	AD
HDC	AD
HEATR3	AR
HEATR5B	AR
HECTD1	AD
HECTD4	AR
HECW2	AD
HELB	AD
HELLS	AR
HELQ	AD
HEPACAM	mixed
HEPH	XL
HEPHL1	AR
HERC1	AR
HERC2	mixed
HES7	AR
HESX1	mixed
HEXA	AR
HEXB	AR
HEY1	AD
HEY2	AD
HFE	AR
HFM1	AR
HGD	AR
HGF	AR
HGSNAT	AR
HHAT	AR
HIBADH	AR
HIBCH	AR
HID1	AR
HIKESHI	AR
HINT1	AR
HIPK4	AR
HIRA	AD
HIVEP1	AR
HIVEP2	AD
HJV	AR
HK1	mixed
HKDC1	AR
HLA-DQA1	AR
HLA-DQB1	mixed
HLA-DRB1	AD
HLA-G	AD
HLCS	AR
HMBS	mixed
HMCN1	AD
HMGA1	AD
HMGA2	AD
HMGB1	AD
HMGB3	XL
HMGCL	AR
HMGCR	AR
HMGCS1	AR
HMGCS2	AR
HMMR	AD
HMOX1	AR
HMX1	AR
HNF1A	AD
HNF1B	AD
HNF4A	AD
HNMT	mixed
HNRNPA1	AD
HNRNPA2B1	AD
HNRNPC	AD
HNRNPD	AD
HNRNPDL	AD
HNRNPH1	AD
HNRNPH2	XL
HNRNPK	AD
HNRNPL	AR
HNRNPR	AD
HNRNPU	AD
HNRNPUL2	AD
HOGA1	AR
HOMER2	AD
HORMAD1	AR
HOXA1	AR
HOXA10	AD
HOXA11	AD
HOXA13	AD
HOXA2	mixed
HOXA4	AD
HOXB1	AR
HOXB13	AD
HOXB6	AD
HOXC13	AR
HOXD10	AD
HOXD12	AD
HOXD13	AD
HPCA	AR
HPD	mixed
HPDL	AR
HPGD	AR
HPRT1	XL
HPS1	AR
HPS3	AR
HPS4	AR
HPS5	AR
HPS6	AR
HPSE2	AR
HR	AR
HRAS	AD
HRG	AD
HROB	AR
HRURF	AD
HS2ST1	AR
HS3ST6	AD
HS6ST1	mixed
HS6ST2	XL
HSCB	AR
HSD11B1	AD
HSD11B2	AR
HSD17B10	XL
HSD17B3	AR
HSD17B4	AR
HSD3B2	AR
HSD3B7	AR
HSF2BP	AR
HSF4	AD
HSPA1L	AD
HSPA9	mixed
HSPB1	AD
HSPB3	AD
HSPB8	AD
HSPD1	mixed
HSPG2	AR
HTR1A	AD
HTR2A	AD
HTR2C	AD
HTRA1	mixed
HTRA2	mixed
HTT	mixed
HUWE1	XL
HYAL1	AR
HYAL2	AR
HYCC1	AR
HYDIN	AR
HYKK	AR
HYLS1	AR
HYMAI	AD
HYOU1	AR
IARS1	AR
IARS2	AR
IBA57	AR
ICE1	AR
ICOS	mixed
ICOSLG	AR
ID2	AD
IDH1	AD
IDH2	AD
IDH3A	AR
IDH3B	AR
IDH3G	XL
IDS	XL
IDUA	AR
IER3IP1	AR
IFIH1	mixed
IFITM5	AD
IFNAR1	AR
IFNAR2	AR
IFNG	mixed
IFNGR1	mixed
IFNGR2	AR
IFRD1	AD
IFT122	AR
IFT140	mixed
IFT172	AR
IFT27	AR
IFT38	AR
IFT43	AR
IFT52	AR
IFT54	AR
IFT56	AR
IFT57	AR
IFT74	AR
IFT80	AR
IFT81	AR
IFT88	AD
IGBP1	XL
IGF1	AR
IGF1R	mixed
IGF2	AD
IGF2BP2	AD
IGFALS	AR
IGFBP7	AR
IGHM	AR
IGHMBP2	AR
IGKC	AR
IGLL1	AR
IGSF1	XL
IGSF10	mixed
IGSF3	AR
IHH	mixed
IKBKB	mixed
IKBKE	AD
IKBKG	XL
IKZF1	AD
IKZF2	mixed
IKZF3	AD
IKZF5	AD
IL10	AR
IL10RA	AR
IL10RB	AR
IL11RA	AR
IL12B	AR
IL12RB1	AR
IL12RB2	AR
IL13	AD
IL17F	AD
IL17RA	AR
IL17RC	AR
IL17RD	mixed
IL18BP	AR
IL1R1	AR
IL1RAP	AR
IL1RAPL1	XL
IL1RN	AR
IL21	AR
IL21R	AR
IL23R	AR
IL27RA	AR
IL2RA	AR
IL2RB	AR
IL2RG	XL
IL31RA	AD
IL36RN	AR
IL37	AR
IL6	AD
IL6R	AR
IL6ST	mixed
IL7	AR
IL7R	AR
ILDR1	AR
ILK	AD
IMMP2L	AD
IMPA1	AR
IMPDH1	AD
IMPDH2	AD
IMPG1	AD
IMPG2	mixed
INAVA	AD
INF2	AD
ING1	AR
INO80	AR
INPP4A	AR
INPP5E	AR
INPP5K	AR
INPPL1	AR
INS	mixed
INSL3	AD
INSR	mixed
INTS1	AR
INTS11	AR
INTS13	AR
INTS8	AR
INTU	AR
INVS	AR
IPMK	AD
IPO8	AR
IQCB1	AR
IQCE	AR
IQCN	AR
IQGAP3	AD
IQSEC1	AR
IQSEC2	XL
IQSEC3	AR
IRAG1	AR
IRAK1	XL
IRAK2	mixed
IRAK3	AD
IRAK4	AR
IREB2	AR
IRF1	AD
IRF2BP2	AD
IRF2BPL	AD
IRF3	AD
IRF4	mixed
IRF6	AD
IRF7	AR
IRF8	mixed
IRF9	AR
IRS1	AD
IRS2	AD
IRS4	XL
IRX4	AD
IRX5	AR
IRX6	AD
ISCA1	AR
ISCA2	AR
ISCU	AR
ISG15	AR
ISL1	AD
ISLR2	AR
ITCH	AR
ITFG2	AR
ITGA2	AD
ITGA2B	mixed
ITGA3	AR
ITGA6	AR
ITGA7	AR
ITGA8	AR
ITGAV	AR
ITGB2	AR
ITGB3	mixed
ITGB4	AR
ITGB6	AR
ITK	AR
ITM2B	AD
ITPA	AR
ITPKB	AR
ITPR1	mixed
ITPR2	AR
ITPR3	mixed
ITSN1	mixed
ITSN2	AR
IVD	AR
IVNS1ABP	AD
IYD	AR
JAG1	AD
JAG2	AR
JAGN1	AR
JAK1	AD
JAK2	mixed
JAK3	AR
JAKMIP1	AD
JAM2	mixed
JAM3	AR
JARID2	AD
JKAMP	AR
JMJD1C	AD
JPH1	mixed
JPH2	mixed
JPH3	AD
JUP	mixed
KALRN	mixed
KANK1	AD
KANK2	AR
KANK4	AR
KANSL1	AD
KARS1	AR
KASH5	AR
KAT14	AR
KAT2B	AR
KAT5	AD
KAT6A	AD
KAT6B	AD
KAT8	AD
KATNAL2	mixed
KATNB1	AR
KATNIP	AR
KBTBD13	AD
KBTBD2	AR
KCNA1	AD
KCNA2	AD
KCNA3	AD
KCNA4	AR
KCNA5	AD
KCNA6	AD
KCNAB3	AD
KCNB1	AD
KCNB2	AD
KCNC1	AD
KCNC2	AD
KCNC3	AD
KCND1	XL
KCND2	AD
KCND3	AD
KCNE1	mixed
KCNE2	AD
KCNE3	AD
KCNE5	mixed
KCNH1	AD
KCNH2	AD
KCNH3	AD
KCNH5	AD
KCNH7	AD
KCNJ1	AR
KCNJ10	AR
KCNJ11	mixed
KCNJ13	mixed
KCNJ16	AR
KCNJ18	AD
KCNJ2	AD
KCNJ3	AD
KCNJ5	AD
KCNJ6	AD
KCNJ8	AD
KCNK18	AD
KCNK3	AD
KCNK4	AD
KCNK9	AD
KCNMA1	mixed
KCNMB1	AD
KCNN2	AD
KCNN3	AD
KCNN4	AD
KCNQ1	mixed
KCNQ1OT1	AD
KCNQ2	AD
KCNQ3	AD
KCNQ4	AD
KCNQ5	AD
KCNT1	AD
KCNT2	AD
KCNU1	AR
KCNV2	AR
KCTD1	AD
KCTD10	AD
KCTD13	AD
KCTD15	AD
KCTD17	AD
KCTD3	AR
KCTD7	AR
KDELR2	AR
KDF1	AD
KDM1A	AD
KDM2A	AD
KDM2B	AD
KDM3A	AR
KDM3B	AD
KDM4B	AD
KDM5A	AD
KDM5B	AR
KDM5C	XL
KDM6A	mixed
KDM6B	AD
KDM7A	AD
KDR	AD
KDSR	AR
KEAP1	AD
KERA	AR
KGD4	AR
KHDC3L	AR
KHDRBS1	AD
KHK	AR
KIAA0586	AR
KIAA0753	AR
KIAA0825	AR
KIAA1217	AD
KIAA1549	AR
KICS2	AR
KIDINS220	mixed
KIF11	AD
KIF12	AR
KIF14	AR
KIF15	AR
KIF17	AR
KIF1A	mixed
KIF1B	AD
KIF1C	AR
KIF20A	AR
KIF21A	AD
KIF21B	AD
KIF22	AD
KIF23	AD
KIF26A	AR
KIF26B	AD
KIF2A	AD
KIF3B	AD
KIF4A	XL
KIF5A	AD
KIF5B	AD
KIF5C	AD
KIF6	AR
KIF7	AR
KIFBP	AR
KIRREL1	AR
KIRREL3	AD
KISS1	AR
KISS1R	mixed
KIT	AD
KITLG	mixed
KIZ	AR
KL	AR
KLB	AD
KLC2	AR
KLC4	AR
KLF1	mixed
KLF10	AD
KLF11	AD
KLF13	AD
KLF2	AD
KLF4	AD
KLF6	AD
KLF7	AD
KLHDC8B	AR
KLHL10	AD
KLHL13	XL
KLHL15	XL
KLHL20	AD
KLHL24	mixed
KLHL3	mixed
KLHL40	AR
KLHL41	AR
KLHL7	mixed
KLHL9	AD
KLK1	AD
KLK11	AD
KLK4	AR
KLKB1	AR
KLLN	AD
KMO	AR
KMT2A	AD
KMT2B	AD
KMT2C	AD
KMT2D	AD
KMT2E	AD
KMT5B	AD
KNG1	mixed
KNL1	AR
KNSTRN	AR
KPNA3	AD
KPNA4	AD
KPNA7	AR
KPTN	AR
KRAS	AD
KREMEN1	AR
KRIT1	AD
KRT1	mixed
KRT10	mixed
KRT12	AD
KRT13	AD
KRT14	mixed
KRT16	AD
KRT17	AD
KRT18	AR
KRT2	AD
KRT25	AR
KRT3	AD
KRT4	AD
KRT5	mixed
KRT6A	AD
KRT6B	AD
KRT6C	AD
KRT71	AD
KRT74	mixed
KRT8	mixed
KRT81	AD
KRT83	mixed
KRT85	AR
KRT86	AD
KRT9	AD
KY	AR
KYNU	AR
L1CAM	XL
L2HGDH	AR
LACC1	AR
LAGE3	XL
LAMA1	AR
LAMA2	AR
LAMA3	AR
LAMA4	AD
LAMA5	AR
LAMB1	mixed
LAMB2	AR
LAMB3	mixed
LAMC2	AR
LAMC3	AR
LAMP2	XL
LAMP3	AR
LAMTOR2	AR
LARGE1	AR
LARP1	AD
LARP7	AR
LARS1	AR
LARS2	AR
LAS1L	XL
LAT	AR
LBR	mixed
LBX1	AR
LCA5	AR
LCAT	AR
LCK	AR
LCP1	AD
LCP2	AR
LCT	AR
LDB1	AD
LDB3	mixed
LDHA	AR
LDHB	mixed
LDHD	AR
LDLR	mixed
LDLRAP1	AR
LEF1	mixed
LEFTY2	AD
LEMD2	mixed
LEMD3	AD
LEO1	AD
LEP	AR
LEPR	AR
LETM1	mixed
LFNG	AR
LGI1	mixed
LGI3	AR
LGI4	AR
LGR4	AD
LHB	AR
LHCGR	AR
LHFPL5	AR
LHX2	AD
LHX3	AR
LHX4	AD
LHX8	AD
LIAS	AR
LIFR	AR
LIG1	AR
LIG3	AR
LIG4	AR
LIM2	mixed
LIMS2	AR
LINGO1	AR
LINGO4	AR
LINS1	AR
LIPA	AR
LIPC	mixed
LIPE	AR
LIPH	AR
LIPI	AD
LIPN	AR
LIPT1	AR
LIPT2	AR
LITAF	AD
LMAN1	AR
LMAN2L	mixed
LMBR1	mixed
LMBRD1	AR
LMBRD2	AD
LMF1	AR
LMNA	mixed
LMNB1	AD
LMNB2	mixed
LMOD1	AR
LMOD2	AR
LMOD3	AR
LMTK3	AD
LMX1A	AD
LMX1B	mixed
LNPK	AR
LONP1	AR
LORICRIN	AD
LOX	AD
LOXHD1	AR
LOXL1	AD
LOXL3	AR
LOXL4	AD
LPAR6	AR
LPIN1	AR
LPIN2	AR
LPL	mixed
LPP	AD
LRAT	mixed
LRBA	AR
LRIF1	AR
LRIG2	AR
LRIT3	AR
LRMDA	AR
LRP1	mixed
LRP12	AD
LRP2	AR
LRP4	mixed
LRP5	mixed
LRP6	AD
LRPAP1	AR
LRPPRC	AR
LRRC10	AR
LRRC23	AR
LRRC32	AR
LRRC45	AR
LRRC56	AR
LRRC7	AD
LRRC8A	AD
LRRC8C	AD
LRRK1	AR
LRRK2	AD
LRSAM1	mixed
LRTOMT	AR
LSM1	AR
LSM11	AR
LSM7	AR
LSR	AR
LSS	AR
LTBP1	AR
LTBP2	AR
LTBP3	mixed
LTBP4	AR
LTC4S	AR
LTV1	AR
LY96	AR
LYN	AD
LYRM4	AR
LYRM7	AR
LYSET	AR
LYST	AR
LYZ	AD
LZTFL1	AR
LZTR1	mixed
M1AP	AR
MAB21L1	AR
MAB21L2	mixed
MACF1	AD
MACROD2	AD
MACROH2A1	AD
MAD1L1	mixed
MAD2L2	AR
MADD	AR
MAF	AD
MAFA	AD
MAFB	AD
MAG	AR
MAGED2	XL
MAGEE2	XL
MAGEL2	AD
MAGI2	AR
MAGT1	XL
MAK	AR
MAL	AR
MALT1	AR
MAMDC2	mixed
MAMLD1	XL
MAN1B1	AR
MAN2A2	AR
MAN2B1	AR
MAN2B2	AR
MAN2C1	AR
MANBA	AR
MANF	AR
MAOA	XL
MAOB	AD
MAP1B	AD
MAP1LC3B2	AD
MAP2K1	AD
MAP2K2	AD
MAP3K1	AD
MAP3K14	AR
MAP3K20	AR
MAP3K3	AD
MAP3K6	AD
MAP3K7	AD
MAP3K8	AD
MAP4K4	AD
MAP7D3	XL
MAPK1	AD
MAPK10	AD
MAPK8	AD
MAPK8IP1	AD
MAPK8IP3	AD
MAPKAPK3	AD
MAPKAPK5	AR
MAPKBP1	AR
MAPRE2	AD
MAPT	mixed
MARCHF6	AD
MARK2	AD
MARK3	AR
MARK4	AD
MARS1	mixed
MARS2	AR
MARVELD2	AR
MASP1	AR
MASP2	AR
MAST1	AD
MAST2	AD
MAST3	AD
MAST4	AD
MASTL	AD
MAT1A	mixed
MAT2A	AD
MATN3	mixed
MATR3	AD
MAU2	AD
MAX	AD
MB	AD
MBD4	AD
MBD5	AD
MBL2	AD
MBOAT7	AR
MBTPS1	AR
MBTPS2	XL
MC1R	AR
MC2R	AR
MC3R	AD
MC4R	mixed
MCAT	AR
MCC	AD
MCCC1	AR
MCCC2	AR
MCEE	AR
MCF2	XL
MCF2L	AD
MCFD2	AR
MCIDAS	AR
MCM10	AR
MCM2	AD
MCM3AP	AR
MCM4	AR
MCM5	AR
MCM6	AD
MCM7	AR
MCM8	AR
MCM9	AR
MCOLN1	mixed
MCPH1	AR
MCTP2	AD
MCTS1	XL
MDFIC	AR
MDGA2	AR
MDH1	AR
MDH2	AR
MDM2	AR
MDM4	AD
ME2	AR
MECOM	AD
MECP2	XL
MECR	AR
MED11	AR
MED12	XL
MED12L	AD
MED13	AD
MED13L	AD
MED16	AR
MED17	AR
MED22	AR
MED23	AR
MED25	AR
MED27	AR
MEF2A	AD
MEF2C	AD
MEFV	mixed
MEGF10	AR
MEGF8	AR
MEI1	AR
MEI4	AD
MEIOB	AR
MEIS1	AD
MEIS2	AD
MEN1	AD
MEOX1	AR
MEPCE	AD
MEPE	AD
MERTK	AR
MESD	AR
MESP1	AD
MESP2	AR
MET	mixed
METAP1	AR
METTL13	AD
METTL23	AR
METTL4	AR
METTL5	AR
MFAP5	AD
MFF	AR
MFN2	mixed
MFRP	AR
MFSD2A	AR
MFSD6L	AR
MFSD8	AR
MGA	AD
MGAT2	AR
MGME1	AR
MGP	AR
MIA3	AR
MIB1	AD
MICAL1	AD
MICOS13	AR
MICU1	AR
MICU2	AR
MID1	XL
MID2	XL
MIEF1	AD
MIEF2	AR
MIF	mixed
MINAR2	AR
MINPP1	mixed
MIP	AD
MIPEP	AR
MIR140	AD
MIR145	AD
MIR17HG	AD
MIR184	AD
MIR204	AD
MIR2861	mixed
MIR96	AD
MITF	mixed
MKKS	AR
MKRN3	AD
MKS1	AR
MLC1	AR
MLH1	mixed
MLH3	AD
MLIP	AR
MLLT10	AD
MLPH	AR
MLXIPL	AD
MLYCD	AR
MMAA	AR
MMAB	AR
MMACHC	AR
MMADHC	AR
MME	mixed
MMGT1	AD
MMP13	mixed
MMP14	AR
MMP15	AR
MMP19	AD
MMP2	AR
MMP20	AR
MMP21	AR
MMP9	AR
MMRN1	AR
MMS19	AR
MMUT	AR
MN1	AD
MNS1	AR
MNX1	AD
MOCOS	AR
MOCS1	AR
MOCS2	AR
MOCS3	AR
MOG	AD
MOGS	AR
MORC2	AD
MOS	AR
MOSPD2	XL
MOV10L1	AR
MPC1	AR
MPC2	AR
MPDU1	AR
MPDZ	AR
MPEG1	AD
MPI	AR
MPIG6B	AR
MPL	mixed
MPLKIP	AR
MPO	mixed
MPST	AR
MPV17	AR
MPZ	mixed
MPZL2	AR
MRAP	AR
MRAP2	AD
MRAS	AD
MRC2	AD
MRE11	AR
MRM2	AR
MRPL12	AR
MRPL24	AR
MRPL3	AR
MRPL38	AR
MRPL39	AR
MRPL42	AR
MRPL44	AR
MRPL49	AR
MRPL50	AR
MRPS14	AR
MRPS16	AR
MRPS2	AR
MRPS22	AR
MRPS23	AR
MRPS25	AR
MRPS28	AR
MRPS34	AR
MRPS7	AR
MRTFA	AR
MRTFB	AD
MS4A1	AR
MSGN1	AR
MSH2	mixed
MSH3	mixed
MSH4	AR
MSH5	AR
MSH6	mixed
MSI1	AR
MSL2	AD
MSL3	XL
MSMB	AD
MSMO1	AR
MSN	XL
MSR1	AD
MSRB3	AR
MST1	AR
MST1R	AD
MSTN	AR
MSTO1	mixed
MSX1	AD
MSX2	AD
MT-ATP6	mixed
MT-ATP8	AR
MT-CO1	mixed
MT-CO2	AR
MT-CO3	mixed
MT-CYB	AR
MT-ND1	AR
MT-ND2	AR
MT-ND3	AR
MT-TN	AR
MT-TS1	AR
MT-TT	AD
MTAP	AD
MTCL1	AR
MTF1	AD
MTFMT	AR
MTHFD1	AR
MTHFR	mixed
MTHFS	AR
MTM1	XL
MTMR14	AD
MTMR2	AR
MTNR1B	AD
MTO1	AR
MTOR	AD
MTPAP	AR
MTR	AR
MTRFR	AR
MTRR	AR
MTSS2	AD
MTTP	AR
MTX2	AR
MUC1	AD
MUC5B	AD
MUC7	AD
MUSK	AR
MUTYH	AR
MVD	AD
MVK	mixed
MXI1	AD
MYADML2	AR
MYBBP1A	AR
MYBPC1	mixed
MYBPC3	mixed
MYCBP2	AD
MYCBPAP	AR
MYCN	AD
MYD88	AR
MYF5	AR
MYF6	AD
MYH1	AR
MYH10	AD
MYH11	mixed
MYH14	AD
MYH2	mixed
MYH3	mixed
MYH6	AD
MYH7	mixed
MYH7B	AD
MYH8	AD
MYH9	AD
MYL1	AR
MYL11	mixed
MYL2	mixed
MYL3	mixed
MYL4	AD
MYL9	AR
MYLK	mixed
MYLK2	AD
MYLK3	mixed
MYMK	AR
MYMX	AR
MYO10	AR
MYO15A	AR
MYO18B	AR
MYO1A	mixed
MYO1C	AD
MYO1E	AR
MYO1F	AD
MYO1H	AR
MYO3A	mixed
MYO5A	AR
MYO5B	AR
MYO6	mixed
MYO7A	mixed
MYO9A	AR
MYO9B	AR
MYOC	AD
MYOCD	AD
MYOD1	AR
MYOF	AD
MYOM1	mixed
MYORG	mixed
MYOT	AD
MYOZ2	AD
MYPN	mixed
MYRF	AD
MYSM1	AR
MYT1	AD
MYT1L	AD
MYZAP	AR
NAA10	XL
NAA15	AD
NAA20	AR
NAA30	AD
NAA60	mixed
NAA80	AR
NACC1	AD
NADK2	AR
NADSYN1	AR
NAE1	AR
NAF1	AD
NAGA	AR
NAGLU	mixed
NAGS	AR
NALCN	mixed
NANOS1	AD
NANOS3	AD
NANS	AR
NAPB	AR
NARS1	mixed
NARS2	AR
NAT2	AR
NAT8L	AR
NAV2	AR
NAV3	AR
NAXD	AR
NAXE	AR
NBAS	AR
NBEA	AD
NBEAL2	AR
NBN	AR
NCAPD2	AR
NCAPD3	AR
NCAPG2	AR
NCAPH	AR
NCDN	AD
NCF1	AR
NCF2	AR
NCF4	AR
NCKAP1	AD
NCKAP1L	AR
NCOA3	AD
NCOR1	AD
NCSTN	AD
NDC1	AR
NDE1	AR
NDN	AD
NDNF	AD
NDP	XL
NDRG1	AR
NDRG4	AR
NDST1	AR
NDUFA1	XL
NDUFA10	AR
NDUFA11	AR
NDUFA12	AR
NDUFA13	AR
NDUFA2	AR
NDUFA3	AR
NDUFA4	AR
NDUFA6	AR
NDUFA7	AR
NDUFA8	AR
NDUFA9	AR
NDUFAF1	AR
NDUFAF2	AR
NDUFAF3	AR
NDUFAF4	AR
NDUFAF5	AR
NDUFAF6	AR
NDUFAF7	AD
NDUFAF8	AR
NDUFB10	AR
NDUFB11	XL
NDUFB3	AR
NDUFB7	AR
NDUFB8	AR
NDUFB9	AR
NDUFC2	AR
NDUFS1	AR
NDUFS2	AR
NDUFS3	AR
NDUFS4	AR
NDUFS6	AR
NDUFS7	AR
NDUFS8	AR
NDUFV1	AR
NDUFV2	AR
NEB	AR
NEBL	AD
NECAP1	AR
NECTIN1	AR
NECTIN4	AR
NEDD4L	AD
NEFH	mixed
NEFL	mixed
NEIL3	AR
NEK1	mixed
NEK10	AR
NEK2	AR
NEK8	mixed
NEK9	AR
NEMF	AR
NEU1	AR
NEUROD1	AD
NEUROD2	AD
NEUROG1	AR
NEUROG3	AR
NEXMIF	XL
NEXN	mixed
NF1	AD
NF2	AD
NFASC	AR
NFAT5	AD
NFATC1	mixed
NFATC2	AR
NFE2	AR
NFE2L1	AD
NFE2L2	AD
NFIA	AD
NFIB	AD
NFIX	AD
NFKB1	AD
NFKB2	AD
NFKBIA	AD
NFKBIZ	AD
NFS1	AR
NFU1	AR
NGF	AR
NGLY1	AR
NHEJ1	AR
NHERF1	AD
NHLH2	AR
NHLRC1	AR
NHLRC2	AR
NHP2	AR
NHS	XL
NID1	AD
NIN	AR
NIPA1	AD
NIPAL4	AR
NIPBL	AD
NIT1	AR
NKAP	XL
NKX2-1	AD
NKX2-2	AR
NKX2-3	AD
NKX2-5	mixed
NKX2-6	AR
NKX3-2	AR
NKX6-2	AR
NLGN1	AD
NLGN3	XL
NLGN4X	XL
NLRC4	AD
NLRP1	mixed
NLRP12	AD
NLRP2	AR
NLRP3	AD
NLRP5	AR
NLRP7	mixed
NME3	AR
NME5	AR
NME7	mixed
NME8	AR
NMNAT1	AR
NMNAT2	AR
NNT	AR
NOBOX	AD
NOD2	AD
NODAL	AD
NOG	AD
NOL3	AD
NONO	XL
NOP10	mixed
NOP56	AD
NOS1	AR
NOS1AP	AR
NOS3	AR
NOTCH1	AD
NOTCH2	AD
NOTCH2NLA	AD
NOTCH2NLC	AD
NOTCH3	mixed
NOVA2	AD
NOX1	XL
NPAP1	AD
NPAS2	AR
NPAS3	AD
NPAS4	AD
NPAT	AD
NPC1	AR
NPC2	AR
NPHP1	AR
NPHP3	AR
NPHP4	AR
NPHS1	AR
NPHS2	AR
NPM1	AD
NPNT	AR
NPPA	mixed
NPPC	AD
NPR1	AR
NPR2	mixed
NPR3	AR
NPRL2	AD
NPRL3	AD
NPSR1	AD
NPTX1	AD
NQO2	AD
NR0B1	XL
NR0B2	mixed
NR1H4	AR
NR1I2	AR
NR1I3	AD
NR2E1	AD
NR2E3	mixed
NR2F1	AD
NR2F2	AD
NR3C1	AD
NR3C2	AD
NR4A2	AD
NR5A1	AD
NR6A1	AD
NRAP	AR
NRAS	AD
NRCAM	AR
NRG1	mixed
NRG2	AD
NRIP1	AD
NRL	mixed
NRP1	AR
NRROS	AR
NRXN1	AR
NRXN2	mixed
NRXN3	AD
NSD1	AD
NSD2	AD
NSDHL	XL
NSF	AD
NSMCE2	AR
NSMCE3	AR
NSMF	mixed
NSRP1	AR
NSUN2	AR
NSUN3	AR
NSUN6	AR
NT5C2	AR
NT5C3A	AR
NT5E	AR
NTF4	AD
NTHL1	AR
NTN1	AD
NTNG1	AD
NTNG2	AR
NTRK1	mixed
NTRK2	AD
NTRK3	AD
NUAK2	AR
NUBPL	AR
NUDCD2	AR
NUDCD3	AR
NUDT15	AD
NUDT2	AR
NUF2	AD
NUP107	AR
NUP133	AR
NUP155	AR
NUP160	AR
NUP188	AR
NUP205	AR
NUP210L	AR
NUP214	mixed
NUP37	AR
NUP50	AD
NUP54	AR
NUP62	AR
NUP85	AR
NUP88	AR
NUP93	AR
NUS1	mixed
NUTM2B-AS1	AD
NXN	AR
NYNRIN	AR
NYX	XL
OAS1	AD
OAS2	AD
OAT	AR
OBSCN	AR
OBSL1	AR
OCA2	AR
OCEL1	AD
OCLN	AR
OCRL	XL
ODAD1	AR
ODAD2	AR
ODAD3	AR
ODAD4	AR
ODAPH	AR
ODC1	AD
ODF4	AR
OFD1	XL
OGDH	AR
OGDHL	AR
OGG1	AD
OGT	XL
ONECUT1	AR
OOEP	AR
OPA1	mixed
OPA3	mixed
OPCML	AD
OPHN1	XL
OPLAH	mixed
OPN1LW	XL
OPN1MW	XL
OPN1SW	AD
OPTN	mixed
ORAI1	mixed
ORC1	AR
ORC4	AR
ORC6	AR
OSBPL2	mixed
OSBPL9	mixed
OSGEP	AR
OSMR	AD
OSR1	AD
OSTC	AR
OSTM1	AR
OTC	XL
OTOA	AR
OTOF	AR
OTOG	AR
OTOGL	AR
OTUD4	AD
OTUD5	XL
OTUD6B	AR
OTUD7A	AR
OTULIN	mixed
OTX2	AD
OVOL2	AD
OXA1L	AR
OXCT1	AR
OXGR1	AD
OXR1	AR
P2RX1	AD
P2RX2	AD
P2RX6	AR
P2RY12	AR
P2RY8	AD
P3H1	AR
P3H2	AR
P4HA1	AR
P4HA2	AD
P4HB	AD
P4HTM	AR
PABPC1	AD
PABPC1L	AR
PABPN1	AD
PACS1	AD
PACS2	AD
PACSIN1	AD
PACSIN3	AR
PADI3	AR
PADI6	AR
PAFAH1B1	AD
PAH	AR
PAICS	AR
PAK1	AD
PAK2	AD
PAK3	XL
PALB2	mixed
PALLD	AD
PALS1	AD
PAM16	AR
PAN2	AR
PANK2	AR
PANK4	AD
PANX1	AD
PAPPA2	AR
PAPSS1	AR
PAPSS2	AR
PARK7	AR
PARN	mixed
PARP1	AR
PARP6	AD
PARS2	AR
PATL2	AR
PAX1	AR
PAX2	AD
PAX3	mixed
PAX4	mixed
PAX5	mixed
PAX6	AD
PAX7	AR
PAX8	AD
PAX9	AD
PBX1	AD
PC	AR
PCARE	AR
PCBD1	AR
PCBP2	AD
PCCA	AR
PCCB	AR
PCDH10	AD
PCDH12	AR
PCDH15	AR
PCDH19	XL
PCDHA9	AR
PCDHGA5	AD
PCDHGC4	AD
PCGF2	AD
PCK1	AR
PCK2	AR
PCLO	AR
PCNA	AR
PCNT	AR
PCSK1	AR
PCSK5	AD
PCSK9	AD
PCYT1A	AR
PCYT2	AR
PDCD1	AR
PDCD10	AD
PDCD6IP	AR
PDCL3	AR
PDE10A	mixed
PDE11A	AD
PDE12	AR
PDE1C	AD
PDE2A	AR
PDE3A	AD
PDE4D	AD
PDE6A	AR
PDE6B	mixed
PDE6C	AR
PDE6D	AR
PDE6G	mixed
PDE6H	mixed
PDE8B	AD
PDGFB	AD
PDGFD	AD
PDGFRA	AD
PDGFRB	AD
PDGFRL	AD
PDHA1	XL
PDHA2	AR
PDHB	AR
PDHX	AR
PDIA2	AD
PDIA6	AR
PDK3	XL
PDLIM3	AD
PDLIM4	AD
PDLIM7	AD
PDP1	AR
PDSS1	AR
PDSS2	AR
PDX1	mixed
PDXK	AR
PDYN	AD
PDZD7	AR
PDZD8	AR
PECR	AR
PEPD	AR
PER2	AD
PER3	AD
PERCC1	AR
PERP	mixed
PET100	AR
PET117	AR
PEX1	AR
PEX10	AR
PEX11A	AR
PEX11B	AR
PEX11G	AR
PEX12	AR
PEX13	AR
PEX14	AR
PEX16	AR
PEX19	AR
PEX2	AR
PEX26	AR
PEX3	AR
PEX5	AR
PEX6	mixed
PEX7	AR
PFKM	AR
PFN1	AD
PGAM2	AR
PGAP1	AR
PGAP2	AR
PGAP3	AR
PGBD5	AR
PGK1	XL
PGK2	AR
PGM1	AR
PGM2L1	AR
PGM3	AR
PGR	AR
PGRMC1	mixed
PHACTR1	AD
PHACTR2	AR
PHB1	AD
PHC1	AR
PHEX	XL
PHF10	AR
PHF12	AD
PHF21A	AD
PHF5A	AD
PHF6	XL
PHF8	XL
PHGDH	AR
PHIP	AD
PHKA1	XL
PHKA2	XL
PHKB	AR
PHKG2	AR
PHLDB1	AR
PHOX2A	AR
PHOX2B	AD
PHYH	AR
PHYKPL	AR
PI4K2A	AR
PI4KA	AR
PI4KB	AD
PIBF1	AR
PICALM	AD
PICK1	AR
PIDD1	AR
PIEZO1	mixed
PIEZO2	mixed
PIGA	mixed
PIGB	AR
PIGC	AR
PIGF	AR
PIGG	AR
PIGH	AR
PIGK	AR
PIGL	AR
PIGM	AR
PIGN	AR
PIGO	AR
PIGP	AR
PIGQ	AR
PIGS	AR
PIGT	mixed
PIGU	AR
PIGV	AR
PIGW	AR
PIGY	AR
PIK3C2A	AR
PIK3C2B	AD
PIK3CA	AD
PIK3CD	mixed
PIK3CG	AR
PIK3R1	mixed
PIK3R2	AD
PIK3R5	AR
PIKFYVE	AD
PINK1	AR
PIP5K1C	AR
PIR	XL
PISD	AR
PITPNM3	AD
PITRM1	AR
PITX1	AD
PITX2	AD
PITX3	mixed
PIWIL2	AR
PJA1	XL
PJVK	AR
PKD1	AD
PKD1L1	AR
PKD2	AD
PKDCC	AR
PKHD1	AR
PKHD1L1	AR
PKLR	mixed
PKP1	AR
PKP2	AD
PLA2G2A	AD
PLA2G4A	AR
PLA2G5	AR
PLA2G6	AR
PLA2G7	AR
PLAA	AR
PLAAT3	AR
PLAG1	AD
PLAGL1	AD
PLAT	mixed
PLAU	AD
PLCB1	AR
PLCB3	AR
PLCB4	mixed
PLCD1	mixed
PLCE1	AR
PLCG1	AD
PLCG2	AD
PLCH1	AR
PLCZ1	AR
PLD1	AR
PLD3	AD
PLD4	AR
PLEC	mixed
PLEK	AD
PLEKHA5	AD
PLEKHA7	AD
PLEKHG1	AD
PLEKHG2	AR
PLEKHG5	AR
PLEKHM1	mixed
PLEKHM2	AR
PLEKHN1	AR
PLG	mixed
PLIN1	AD
PLIN4	AD
PLK1	AR
PLK4	AR
PLN	AD
PLOD1	AR
PLOD2	AR
PLOD3	AR
PLP1	XL
PLPBP	AR
PLS1	AD
PLS3	XL
PLVAP	AR
PLXNA1	AR
PLXNA2	mixed
PLXNA3	XL
PLXNB2	AR
PLXNC1	AD
PLXND1	AR
PMEL	AR
PMEPA1	AD
PMFBP1	AR
PMM2	AR
PMP2	AD
PMP22	mixed
PMPCA	AR
PMPCB	AR
PMS1	AD
PMS2	mixed
PMVK	AD
PNKD	AD
PNKP	AR
PNLDC1	AR
PNLIP	AR
PNP	AR
PNPLA1	AR
PNPLA2	AR
PNPLA3	AD
PNPLA4	XL
PNPLA6	AR
PNPLA8	AR
PNPO	AR
PNPT1	mixed
POC1A	AR
POC1B	AR
POC5	mixed
PODXL	mixed
POF1B	XL
POFUT1	AD
POGLUT1	mixed
POGZ	AD
POLA1	XL
POLA2	AR
POLD1	AD
POLD2	AR
POLD3	AR
POLE	mixed
POLE2	AR
POLG	mixed
POLG2	mixed
POLH	AR
POLR1A	mixed
POLR1B	AD
POLR1C	AR
POLR1D	mixed
POLR2A	AD
POLR2C	AD
POLR3A	AR
POLR3B	mixed
POLR3C	AD
POLR3F	AD
POLR3GL	AR
POLR3H	mixed
POLR3K	AR
POLRMT	mixed
POMC	mixed
POMGNT1	AR
POMGNT2	AR
POMK	AR
POMP	mixed
POMT1	AR
POMT2	AR
PON1	AD
PON2	AD
PON3	AD
POP1	AR
POPDC1	AR
POPDC2	AR
POPDC3	AR
POR	mixed
PORCN	XL
POT1	mixed
POU1F1	mixed
POU2AF1	AR
POU3F2	AD
POU3F3	AD
POU3F4	XL
POU4F1	AD
POU4F3	AD
POU5F1	AD
POU6F2	AD
PPA2	AR
PPARA	AD
PPARG	mixed
PPCDC	AR
PPCS	AR
PPFIA2	AD
PPFIA3	AD
PPFIBP1	AR
PPIA	AD
PPIB	AR
PPID	AD
PPIL1	AR
PPIP5K2	AR
PPM1D	AD
PPM1F	AR
PPM1K	AR
PPOX	mixed
PPP1CB	AD
PPP1R12A	AD
PPP1R12B	AR
PPP1R13L	AR
PPP1R15B	AR
PPP1R17	mixed
PPP1R21	AR
PPP1R36	AR
PPP1R3A	AD
PPP1R3F	XL
PPP2CA	AD
PPP2R1A	AD
PPP2R1B	AD
PPP2R2B	AD
PPP2R3C	mixed
PPP2R5C	AD
PPP2R5D	AD
PPP3CA	AD
PPP3R1	AD
PPP5C	AD
PPT1	AR
PQBP1	XL
PRCC	AD
PRCD	AR
PRDM10	AD
PRDM12	AR
PRDM13	AR
PRDM15	AR
PRDM16	AD
PRDM5	AR
PRDM6	AD
PRDM8	AR
PRDM9	AD
PRDX1	AR
PRDX3	mixed
PREPL	AR
PRF1	AR
PRG4	AR
PRICKLE1	AR
PRICKLE2	mixed
PRICKLE3	XL
PRIM1	AR
PRIMA1	AR
PRIMPOL	AD
PRKACA	AD
PRKACB	AD
PRKACG	AR
PRKAG2	AD
PRKAG3	AD
PRKAR1A	AD
PRKAR1B	AD
PRKCD	AR
PRKCG	AD
PRKCSH	AD
PRKD1	AD
PRKDC	AR
PRKG1	AD
PRKG2	AR
PRKN	mixed
PRKRA	AR
PRLR	mixed
PRMT7	AR
PRMT9	AR
PRNP	AD
PROC	mixed
PRODH	mixed
PRODH2	AR
PROK2	mixed
PROKR2	mixed
PROM1	mixed
PROP1	AR
PRORP	AR
PROS1	mixed
PROSER1	AR
PROX1	AD
PRPF19	AD
PRPF3	AD
PRPF31	AD
PRPF4	AD
PRPF6	AD
PRPF8	AD
PRPH	mixed
PRPH2	mixed
PRPS1	XL
PRR12	AD
PRRT2	AD
PRRX1	mixed
PRSS1	AD
PRSS12	AR
PRSS2	AD
PRSS56	AR
PRSS8	AR
PRUNE1	AR
PRX	mixed
PSAP	mixed
PSAT1	AR
PSD3	AD
PSEN1	AD
PSEN2	AD
PSENEN	AD
PSKH1	AR
PSMB1	AR
PSMB10	mixed
PSMB4	AR
PSMB8	AR
PSMB9	AD
PSMC1	AR
PSMC3	mixed
PSMC3IP	AR
PSMC5	AD
PSMD11	AD
PSMD12	AD
PSMF1	AR
PSMG2	AR
PSPH	AR
PSTPIP1	AD
PTBP1	AD
PTCD1	AR
PTCD3	AR
PTCH1	AD
PTCH2	mixed
PTCHD1	XL
PTCRA	AR
PTDSS1	AD
PTEN	AD
PTF1A	AR
PTGDR	AD
PTGER2	AR
PTGS1	mixed
PTH	mixed
PTH1R	mixed
PTHLH	AD
PTPA	AR
PTPMT1	AR
PTPN1	AD
PTPN11	AD
PTPN12	AD
PTPN13	AR
PTPN14	AR
PTPN2	AD
PTPN22	mixed
PTPN23	AR
PTPN4	AD
PTPRC	AR
PTPRF	AR
PTPRJ	mixed
PTPRO	AR
PTPRQ	mixed
PTRH2	AR
PTRHD1	AR
PTS	AR
PUF60	AD
PUM1	AD
PURA	AD
PUS1	AR
PUS3	AR
PUS7	AR
PWAR1	AD
PWRN1	AD
PXDN	AR
PYCR1	AR
PYCR2	AR
PYGL	AR
PYGM	AR
PYROXD1	AR
PYROXD2	AR
QARS1	AR
QDPR	AR
QRICH1	AD
QRICH2	AR
QRSL1	AR
QTMAN	AD
RAB11A	AD
RAB11B	AD
RAB14	AD
RAB18	AR
RAB1A	AD
RAB23	AR
RAB27A	AR
RAB28	AR
RAB32	AD
RAB33B	AR
RAB34	AR
RAB35	mixed
RAB39B	XL
RAB3A	AD
RAB3GAP1	AR
RAB3GAP2	AR
RAB40AL	XL
RAB5C	AD
RAB5IF	AR
RAB7A	AD
RABGAP1	AR
RABL2A	AD
RABL3	AD
RABL6	AR
RAC1	AD
RAC2	mixed
RAC3	AD
RACGAP1	AR
RACK1	AD
RAD21	mixed
RAD50	AR
RAD51	AD
RAD51B	AR
RAD51C	AR
RAD51D	AD
RAD54B	AD
RAD54L	AD
RAF1	AD
RAG1	AR
RAG2	AR
RAI1	AD
RAI2	AD
RALA	AD
RALGAPA1	AR
RALGAPB	mixed
RALGDS	AR
RAMP2	AD
RANBP2	AD
RANGRF	AD
RAP1A	AD
RAP1B	AD
RAP1GDS1	AR
RAPGEF2	AD
RAPGEF4	AD
RAPSN	AR
RARA	AD
RARB	mixed
RARS1	AR
RARS2	AR
RASA1	AD
RASA2	AD
RASAL1	AD
RASGRP1	AR
RASGRP2	AR
RAX	AR
RAX2	mixed
RB1	AD
RB1CC1	AD
RBBP5	AD
RBBP7	XL
RBBP8	AR
RBCK1	AR
RBFOX1	AD
RBFOX2	AD
RBFOX3	AD
RBL2	AR
RBM10	XL
RBM12	AD
RBM20	AD
RBM28	AR
RBM7	AR
RBM8A	AR
RBMX	XL
RBP3	mixed
RBP4	mixed
RBPJ	AD
RBSN	AR
RC3H1	AR
RCAN1	AD
RCBTB1	AR
RCC1	AR
RD3	AR
RDH11	AR
RDH12	mixed
RDH14	AR
RDH5	mixed
RDH8	AR
RDX	AR
REC114	AR
REC8	AR
RECQL	AR
RECQL4	AR
RECQL5	mixed
REEP1	mixed
REEP2	mixed
REEP6	AR
REL	AR
RELA	AD
RELB	AR
RELN	mixed
RELT	AR
REN	mixed
REPS1	AR
REPS2	XL
RERE	AD
REST	AD
RET	AD
RETN	AD
RETREG1	AR
REV3L	AD
REXO2	AD
RFC1	AR
RFC4	AR
RFT1	AR
RFWD3	AR
RFX2	AD
RFX3	AD
RFX4	AD
RFX5	AR
RFX6	AR
RFX7	AD
RFXANK	AR
RFXAP	AR
RGR	mixed
RGS10	AR
RGS18	AD
RGS6	AR
RGS7	AR
RGS9	AR
RGS9BP	AR
RHAG	AD
RHBDF1	AR
RHBDF2	AD
RHCE	AR
RHD	AR
RHEB	AD
RHO	mixed
RHOB	AD
RHOBTB2	AD
RHOG	AR
RHOH	AR
RHOXF1	XL
RIC1	AR
RIC3	mixed
RICTOR	AD
RIGI	AD
RILPL1	AD
RIMS1	AD
RIMS2	AR
RIN1	AD
RIN2	AR
RING1	AD
RINT1	AR
RIOK2	AR
RIPK1	mixed
RIPK3	AR
RIPK4	AR
RIPOR2	mixed
RIPPLY1	AR
RIPPLY2	AR
RIT1	AD
RLBP1	mixed
RLIM	XL
RMI2	AR
RMND1	AR
RMP64	AR
RMRP	AR
RNASEH1	AR
RNASEH2A	AR
RNASEH2B	AR
RNASEH2C	AR
RNASEL	AD
RNASET2	AR
RNF113A	XL
RNF125	AD
RNF13	AD
RNF135	AD
RNF139	AD
RNF168	AR
RNF170	mixed
RNF2	AD
RNF207	AD
RNF212	AR
RNF212B	AR
RNF213	mixed
RNF216	AR
RNF220	AR
RNF31	AR
RNF40	AD
RNF43	AD
RNH1	AR
RNLS	AR
RNPC3	AR
RNU12	AR
RNU2-2	AD
RNU4-2	AD
RNU4ATAC	AR
RNU5B-1	AD
RNU6ATAC	AR
RNU7-1	AR
ROBO1	mixed
ROBO2	AD
ROBO3	AR
ROBO4	AD
ROCK2	AD
ROGDI	AR
ROM1	mixed
ROR1	AR
ROR2	mixed
RORA	AD
RORB	AD
RORC	AR
ROS1	mixed
RP1	mixed
RP1L1	mixed
RP2	XL
RP9	AD
RPA1	AD
RPE65	mixed
RPGR	XL
RPGRIP1	AR
RPGRIP1L	AR
RPH3A	mixed
RPIA	AR
RPL10	XL
RPL10L	AR
RPL11	AD
RPL13	AD
RPL15	AD
RPL17	AD
RPL18	AD
RPL21	AD
RPL26	AD
RPL27	AD
RPL31	AD
RPL35	AD
RPL35A	AD
RPL3L	AR
RPL5	AD
RPL8	AD
RPL9	AD
RPS10	AD
RPS15	AD
RPS15A	AD
RPS17	AD
RPS19	AD
RPS20	AD
RPS23	AD
RPS24	AD
RPS26	AD
RPS27	AD
RPS28	AD
RPS29	AD
RPS6KA3	XL
RPS6KB1	AD
RPS6KC1	AR
RPS7	AD
RPSA	AD
RRAD	AD
RRAGA	AD
RRAGC	AD
RRAGD	AD
RRAS	AD
RRAS2	AD
RREB1	AD
RRM1	mixed
RRM2B	mixed
RRP12	AR
RRP7A	AR
RS1	XL
RSPH1	AR
RSPH3	AR
RSPH4A	AR
RSPH9	AR
RSPO1	AR
RSPO2	AR
RSPO4	AR
RSPRY1	AR
RSRC1	AR
RSRC2	AD
RTEL1	mixed
RTKN2	AR
RTN2	mixed
RTN4IP1	AR
RTN4R	AD
RTTN	AR
RUBCN	AR
RUNX1	AD
RUNX1T1	AD
RUNX2	AD
RUSC2	AR
RXFP2	AR
RXYLT1	AR
RYBP	AD
RYR1	mixed
RYR2	AD
RYR3	AR
S1PR2	AR
SACK1G	AR
SACK1H	AD
SACS	AR
SAG	mixed
SALL1	AD
SALL2	AR
SALL4	AD
SAMD11	AR
SAMD12	AD
SAMD7	AR
SAMD9	mixed
SAMD9L	mixed
SAMHD1	mixed
SAR1B	AR
SARDH	AR
SARS1	AR
SARS2	AR
SART3	mixed
SASH1	mixed
SASH3	XL
SASS6	AR
SAT1	XL
SATB1	AD
SATB2	AD
SBDS	AR
SBF1	AR
SBF2	AR
SC5D	AR
SCAF4	AD
SCAMP5	mixed
SCAPER	AR
SCARB2	AR
SCARF2	AR
SCD	AR
SCD5	AD
SCGB3A2	AD
SCGN	AR
SCHIP1	AR
SCLT1	AR
SCN10A	AD
SCN11A	AD
SCN1A	AD
SCN1B	mixed
SCN2A	AD
SCN2B	AD
SCN3A	AD
SCN3B	AD
SCN4A	mixed
SCN4B	AD
SCN5A	mixed
SCN7A	AR
SCN8A	AD
SCN9A	mixed
SCNM1	AR
SCNN1A	mixed
SCNN1B	mixed
SCNN1G	mixed
SCO1	AR
SCO2	mixed
SCP2	AR
SCRIB	AD
SCUBE3	AR
SCYL1	AR
SCYL2	AR
SDC3	mixed
SDCCAG8	AR
SDHA	mixed
SDHAF1	AR
SDHAF2	AD
SDHB	mixed
SDHC	AD
SDHD	mixed
SDK2	AR
SDR9C7	AR
SEC16B	AD
SEC23A	AR
SEC23B	mixed
SEC24C	AD
SEC24D	AR
SEC31A	AR
SEC61A1	AD
SEC61B	AD
SEC63	AD
SECISBP2	AR
SEL1L	mixed
SELENBP1	AR
SELENOI	AR
SELENON	AR
SEMA3A	mixed
SEMA3D	AD
SEMA3E	AR
SEMA3F	AD
SEMA4A	AR
SEMA5A	AD
SEMA6B	AD
SEMA6D	AD
SEMA7A	AR
SENP7	AR
SEPHS1	AD
SEPSECS	AR
SEPTIN12	AD
SEPTIN4	AR
SEPTIN9	AD
SERAC1	AR
SERPINA1	AR
SERPINA11	AR
SERPINA12	AR
SERPINA6	mixed
SERPINB6	AR
SERPINB7	AR
SERPINB8	AR
SERPINC1	mixed
SERPIND1	AD
SERPINE1	mixed
SERPINF1	AR
SERPINF2	AR
SERPING1	mixed
SERPINH1	AR
SERPINI1	AD
SET	AD
SETBP1	AD
SETD1A	AD
SETD1B	AD
SETD2	AD
SETD5	AD
SETX	mixed
SEZ6	AR
SF3B1	AD
SF3B2	AD
SF3B4	AD
SFRP4	AR
SFTPA1	AD
SFTPA2	AD
SFTPB	AR
SFTPC	AD
SFXN4	AR
SGCA	AR
SGCB	AR
SGCD	mixed
SGCE	AD
SGCG	AR
SGK3	AD
SGMS1	AR
SGMS2	AD
SGO1	AR
SGO2	AR
SGPL1	AR
SGSH	AR
SGSM3	AR
SH2B1	mixed
SH2B3	AD
SH2D1A	XL
SH3BP2	AD
SH3GL1	AD
SH3KBP1	XL
SH3PXD2B	AR
SH3TC2	mixed
SHANK1	AD
SHANK2	AD
SHANK3	AD
SHARPIN	AR
SHH	AD
SHMT2	AR
SHOC1	AR
SHOC2	AD
SHOX	mixed
SHOX2	AD
SHPK	AR
SHQ1	AR
SHROOM3	mixed
SHROOM4	XL
SI	AR
SIAH1	AD
SIGMAR1	AR
SIK1	AD
SIK3	AR
SIL1	AR
SIM1	mixed
SIN3A	AD
SIN3B	AD
SIPA1L3	AR
SIRPG	AR
SIRT1	AD
SIX1	AD
SIX2	AD
SIX3	AD
SIX5	AD
SIX6	mixed
SKI	AD
SKIC2	AR
SKIC3	AR
SKOR2	AR
SLC10A1	AR
SLC10A2	AR
SLC10A7	AR
SLC11A1	mixed
SLC11A2	AR
SLC12A1	AR
SLC12A2	mixed
SLC12A3	AR
SLC12A5	mixed
SLC12A6	mixed
SLC12A9	AR
SLC13A1	AR
SLC13A3	AR
SLC13A5	AR
SLC14A1	mixed
SLC16A1	mixed
SLC16A12	AD
SLC16A2	XL
SLC17A3	AD
SLC17A5	AR
SLC17A8	AD
SLC17A9	AD
SLC18A2	AR
SLC18A3	AR
SLC19A1	AR
SLC19A2	AR
SLC19A3	AR
SLC1A1	AR
SLC1A2	AD
SLC1A3	AD
SLC1A4	AR
SLC20A1	AD
SLC20A2	AD
SLC22A12	AR
SLC22A4	AR
SLC22A5	AR
SLC24A1	AR
SLC24A4	AR
SLC24A5	AR
SLC25A1	AR
SLC25A10	AR
SLC25A11	AD
SLC25A12	AR
SLC25A13	AR
SLC25A15	AR
SLC25A19	AR
SLC25A20	AR
SLC25A21	AR
SLC25A22	AR
SLC25A24	AD
SLC25A26	AR
SLC25A3	AR
SLC25A32	AR
SLC25A36	AR
SLC25A38	AR
SLC25A4	mixed
SLC25A42	AR
SLC25A46	AR
SLC25A5	XL
SLC26A1	AR
SLC26A2	AR
SLC26A3	AR
SLC26A4	AR
SLC26A5	AR
SLC26A6	AD
SLC26A7	AR
SLC26A8	AD
SLC26A9	AR
SLC27A4	AR
SLC28A1	AR
SLC29A3	AR
SLC2A1	mixed
SLC2A10	AR
SLC2A2	mixed
SLC2A3	AD
SLC2A6	AD
SLC2A9	mixed
SLC30A10	AR
SLC30A2	AD
SLC30A5	AR
SLC30A7	AR
SLC30A8	AD
SLC30A9	AR
SLC31A1	AR
SLC32A1	AD
SLC33A1	mixed
SLC34A1	mixed
SLC34A2	AR
SLC34A3	AR
SLC35A1	AR
SLC35A2	XL
SLC35A3	AR
SLC35B2	AR
SLC35C1	AR
SLC35D1	AR
SLC35F1	AD
SLC35F5	AR
SLC35G2	AR
SLC36A2	mixed
SLC37A3	AR
SLC37A4	mixed
SLC38A12	AD
SLC38A3	AR
SLC38A8	AR
SLC39A12	AR
SLC39A13	AR
SLC39A14	mixed
SLC39A4	AR
SLC39A5	AD
SLC39A7	AR
SLC39A8	AR
SLC3A1	mixed
SLC40A1	AD
SLC41A1	AR
SLC44A1	AR
SLC44A4	AD
SLC45A1	AR
SLC45A2	AR
SLC46A1	AR
SLC4A1	mixed
SLC4A10	AD
SLC4A11	mixed
SLC4A2	AR
SLC4A3	AD
SLC4A4	AR
SLC4A7	AR
SLC51A	AR
SLC51B	AR
SLC52A1	AD
SLC52A2	AR
SLC52A3	AR
SLC5A1	AR
SLC5A2	mixed
SLC5A5	AR
SLC5A6	AR
SLC5A7	mixed
SLC66A1	AR
SLC67A1	mixed
SLC6A1	AD
SLC6A14	AR
SLC6A17	AR
SLC6A19	AR
SLC6A2	AD
SLC6A20	mixed
SLC6A3	AR
SLC6A4	AD
SLC6A5	mixed
SLC6A6	AD
SLC6A8	XL
SLC6A9	mixed
SLC7A14	AR
SLC7A3	AD
SLC7A5	AR
SLC7A6OS	AR
SLC7A7	AR
SLC7A9	mixed
SLC9A1	AR
SLC9A3	AR
SLC9A6	XL
SLC9A7	XL
SLC9A9	AD
SLC9D1	AD
SLCO1B1	AR
SLCO1B3	AR
SLCO1C1	AR
SLCO2A1	mixed
SLF2	AR
SLFN14	AD
SLIRP	AR
SLIT2	mixed
SLIT3	AR
SLITRK1	AD
SLITRK2	XL
SLITRK3	mixed
SLITRK6	AR
SLK	AR
SLMAP	AD
SLPI	AD
SLURP1	AR
SLX4	AR
SMAD1	AD
SMAD2	mixed
SMAD3	AD
SMAD4	AD
SMAD6	AD
SMAD7	AD
SMAD9	AD
SMARCA1	XL
SMARCA2	AD
SMARCA4	AD
SMARCA5	AD
SMARCAD1	AD
SMARCAL1	AR
SMARCB1	AD
SMARCC1	AD
SMARCC2	AD
SMARCD1	AD
SMARCD2	AR
SMARCE1	AD
SMC1A	XL
SMC1B	AD
SMC3	AD
SMC5	AR
SMCHD1	AD
SMDT1	AR
SMG7	AD
SMG8	AR
SMG9	AR
SMN1	AR
SMN2	AR
SMO	AR
SMOC1	AR
SMOC2	AR
SMPD1	AR
SMPD4	AR
SMPDL3A	AR
SMPX	XL
SMS	XL
SMURF2	AR
SMYD1	AD
SNAI1	AD
SNAI2	mixed
SNAP25	AD
SNAP29	AR
SNAPC4	AR
SNAPIN	AR
SNCA	AD
SNCAIP	AD
SNCB	AD
SNF8	AD
SNIP1	AR
SNORA31	AD
SNORD115-1	AD
SNORD116-1	AD
SNORD118	AR
SNRNP200	AD
SNRPA	AR
SNRPB	AD
SNRPE	AD
SNRPN	AD
SNTA1	AD
SNUPN	AR
SNX10	AR
SNX14	AR
SNX27	AR
SNX3	AD
SOBP	AR
SOCS1	AD
SOCS4	AD
SOD1	mixed
SOD2	mixed
SOHLH1	mixed
SOHLH2	AD
SON	AD
SORBS2	AD
SORCS3	AD
SORD	AR
SORL1	AD
SOS1	AD
SOS2	AD
SOST	mixed
SOX10	mixed
SOX11	AD
SOX12	AD
SOX17	AD
SOX18	mixed
SOX2	AD
SOX3	XL
SOX4	AD
SOX5	AD
SOX6	AD
SOX7	AD
SOX8	AR
SOX9	AD
SP110	AR
SP6	AD
SP7	AR
SP9	AD
SPACA1	AR
SPAG1	AR
SPAG17	AR
SPAG7	AD
SPAG9	AD
SPARC	AR
SPARCL1	AD
SPART	AR
SPAST	AD
SPATA13	AD
SPATA16	AR
SPATA22	AR
SPATA3	AR
SPATA7	AR
SPATC1L	mixed
SPDL1	AR
SPECC1L	AD
SPEF2	AR
SPEG	AR
SPEN	AD
SPG11	AR
SPG21	AR
SPG7	mixed
SPI1	AD
SPIDR	AR
SPIN4	XL
SPINK1	mixed
SPINK2	AR
SPINK5	AR
SPINT2	AR
SPNS2	AR
SPOP	AD
SPOUT1	AR
SPP2	AD
SPPL2A	AR
SPR	mixed
SPRED1	AD
SPRED2	AR
SPRTN	AR
SPRY1	AR
SPRY2	AD
SPRY4	mixed
SPTA1	mixed
SPTAN1	AD
SPTB	AD
SPTBN1	AD
SPTBN2	mixed
SPTBN4	AR
SPTBN5	mixed
SPTLC1	AD
SPTLC2	AD
SPTSSA	mixed
SQOR	AR
SQSTM1	mixed
SRA1	AR
SRC	AD
SRCAP	mixed
SRD5A2	AR
SRD5A3	AR
SREBF1	AD
SREBF2	mixed
SRF	AD
SRGAP1	AD
SRI	AD
SRP19	AR
SRP54	mixed
SRP68	AR
SRP72	AD
SRPK3	XL
SRPRA	AD
SRPX2	AD
SRRM2	AD
SRSF1	AD
SRY	XL
SS18L1	mixed
SSBP1	AD
SSBP3	AD
SSR3	AR
SSR4	XL
SSUH2	AD
SSX1	XL
ST14	AR
ST3GAL3	AR
ST3GAL5	AR
ST7	AR
ST8SIA2	AD
STAB1	AR
STAC3	AR
STAG1	AD
STAG2	XL
STAG3	AR
STAMBP	AR
STAR	AR
STARD7	AD
STAT1	mixed
STAT2	AR
STAT3	AD
STAT4	AD
STAT5B	mixed
STAT6	AD
STEAP3	AD
STEEP1	XL
STIL	AR
STIM1	mixed
STING1	AD
STK11	AD
STK33	AR
STK36	AR
STK4	AR
STKLD1	AD
STN1	AR
STRA6	AR
STRA8	AR
STRADA	AR
STRC	AR
STS	XL
STT3A	mixed
STT3B	AR
STUB1	mixed
STX11	AR
STX16	AD
STX1A	mixed
STX1B	AD
STX2	AR
STX3	AR
STX4	AR
STX5	AR
STXBP1	AD
STXBP2	AR
STXBP3	AR
SUCLA2	AR
SUCLG1	AR
SUCO	mixed
SUFU	mixed
SUGCT	AR
SULT2B1	AR
SUMF1	AR
SUMO1	AD
SUMO4	AD
SUN1	AR
SUN5	AR
SUOX	AR
SUPT16H	AD
SUPT7L	AR
SURF1	AR
SUZ12	AD
SV2A	AR
SVBP	AR
SVIL	AR
SYCE1	AR
SYCP2	AD
SYCP2L	AR
SYCP3	AD
SYDE2	AR
SYK	AD
SYN1	XL
SYN2	AD
SYNCRIP	AD
SYNE1	mixed
SYNE2	AD
SYNE4	AR
SYNGAP1	AD
SYNGR1	AD
SYNJ1	AR
SYNPO	AD
SYP	XL
SYT1	AD
SYT14	AR
SYT2	mixed
SYTL4	XL
SZT2	AR
TAB2	AD
TAC3	AR
TACO1	AR
TACR3	AR
TACSTD2	AR
TAF1	XL
TAF13	AR
TAF15	AD
TAF1A	AD
TAF1C	AR
TAF2	AR
TAF4	AD
TAF4B	AR
TAF6	AR
TAF8	AR
TAFAZZIN	XL
TALDO1	AR
TAMM41	AR
TANC2	AD
TANGO2	AR
TAOK1	AD
TAOK2	mixed
TAP1	AR
TAP2	AR
TAPBP	AR
TAPT1	AR
TARDBP	AD
TARS1	AR
TARS2	AR
TAS2R38	AD
TASP1	AR
TAT	AR
TBC1D1	AD
TBC1D20	AR
TBC1D23	AR
TBC1D24	mixed
TBC1D2B	AR
TBC1D31	AR
TBC1D32	mixed
TBC1D7	AR
TBC1D8B	XL
TBCB	AR
TBCCD1	AR
TBCD	AR
TBCE	AR
TBCK	AR
TBK1	mixed
TBL1X	XL
TBL1XR1	AD
TBP	AD
TBR1	AD
TBX1	mixed
TBX15	AR
TBX18	AD
TBX19	AR
TBX2	AD
TBX20	AD
TBX21	AR
TBX22	XL
TBX3	AD
TBX4	mixed
TBX5	AD
TBX6	mixed
TBXA2R	AD
TBXAS1	AR
TBXT	mixed
TCAP	mixed
TCEAL1	XL
TCEANC	XL
TCF12	AD
TCF20	AD
TCF3	mixed
TCF4	AD
TCF7L1	AD
TCF7L2	AD
TCHH	AR
TCIRG1	AR
TCN1	AR
TCN2	AR
TCOF1	AD
TCP1	AD
TCTN1	AR
TCTN2	AR
TCTN3	AR
TDO2	AR
TDP1	AR
TDP2	AR
TDRD6	mixed
TDRD7	AR
TDRD9	AR
TEAD1	AD
TECPR2	AR
TECR	AR
TECRL	AR
TECTA	mixed
TEDC1	AR
TEFM	AD
TEK	mixed
TEKT1	AR
TEKT3	AR
TELO2	AR
TENM1	mixed
TENM3	AR
TENM4	AD
TENT5A	AR
TEP1	AD
TERB1	AR
TERB2	AR
TERC	AD
TERT	mixed
TET2	AR
TET3	mixed
TEX11	XL
TEX14	AR
TEX15	AR
TF	AR
TFAM	AR
TFAP2A	AD
TFAP2B	AD
TFAP2E	AD
TFE3	XL
TFG	mixed
TFR2	AR
TFRC	AR
TG	AR
TGDS	AR
TGFA	AD
TGFB1	mixed
TGFB2	AD
TGFB3	AD
TGFBI	AD
TGFBR1	AD
TGFBR2	AD
TGIF1	AD
TGM1	AR
TGM2	AD
TGM3	AR
TGM5	AR
TGM6	AD
TH	AR
THAP1	AD
THAP11	mixed
THAP12	AR
THBD	AD
THBS1	mixed
THBS2	AD
THG1L	AR
THOC1	AD
THOC2	XL
THOC6	AR
THPO	mixed
THRA	AD
THRB	mixed
THSD1	mixed
THSD4	AD
THUMPD1	AR
TIA1	mixed
TIAM1	AR
TICAM1	mixed
TIE1	AD
TIMELESS	AD
TIMM22	AR
TIMM44	AD
TIMM50	AR
TIMM8A	XL
TIMMDC1	AR
TIMP3	AD
TINF2	AD
TJP1	AD
TJP2	AR
TK2	AR
TKFC	AR
TKT	AR
TLCD3B	AR
TLE1	AR
TLE6	AR
TLK2	AD
TLL1	AD
TLN1	AD
TLN2	AD
TLR2	AD
TLR3	mixed
TLR4	AR
TLR7	XL
TLR8	XL
TM2D3	AR
TM4SF20	AD
TM9SF4	AD
TMC1	mixed
TMC6	AR
TMC8	AR
TMCO1	AR
TMED7	AR
TMEFF1	AR
TMEM106B	AD
TMEM107	AR
TMEM126A	AR
TMEM126B	AR
TMEM127	AD
TMEM132D	AR
TMEM132E	AR
TMEM135	AR
TMEM138	AR
TMEM147	AR
TMEM151A	AD
TMEM161B	AR
TMEM163	AD
TMEM165	AR
TMEM167A	AR
TMEM168	AD
TMEM216	AR
TMEM218	AR
TMEM222	AR
TMEM230	AD
TMEM231	AR
TMEM237	AR
TMEM240	AD
TMEM260	AR
TMEM38B	AR
TMEM43	AD
TMEM45A	AR
TMEM53	AR
TMEM63A	AD
TMEM63B	AD
TMEM63C	AR
TMEM65	AR
TMEM67	AR
TMEM70	AR
TMEM92	AR
TMEM94	AR
TMEM98	AD
TMIE	AR
TMLHE	XL
TMOD1	AR
TMPO	AD
TMPRSS15	AR
TMPRSS3	AR
TMPRSS4	AR
TMPRSS5	AD
TMPRSS6	AR
TMPRSS9	AR
TMTC2	mixed
TMTC3	AR
TMTC4	AR
TMX2	AR
TNC	AD
TNF	mixed
TNFAIP3	AD
TNFRSF10B	AR
TNFRSF11A	mixed
TNFRSF11B	AR
TNFRSF13B	mixed
TNFRSF13C	mixed
TNFRSF1A	AD
TNFRSF21	AD
TNFRSF4	AR
TNFRSF9	AR
TNFSF11	AR
TNFSF12	AD
TNFSF13	AR
TNFSF4	AD
TNFSF9	AR
TNIK	AR
TNK2	AR
TNNC1	AD
TNNC2	AD
TNNI1	mixed
TNNI2	AD
TNNI3	mixed
TNNI3K	AD
TNNT1	mixed
TNNT2	AD
TNNT3	AD
TNPO2	AD
TNPO3	AD
TNR	AR
TNRC6A	AD
TNRC6B	AD
TNS2	AR
TNXB	mixed
TOE1	AR
TOGARAM1	AR
TOGARAM2	AR
TOM1	AD
TOMM7	AR
TOMM70	mixed
TONSL	AR
TOP2B	AD
TOP3A	AR
TOP6BL	AR
TOPBP1	AD
TOPORS	AD
TOR1A	mixed
TOR1AIP1	AR
TP53	AD
TP53BP2	AD
TP53RK	AR
TP53TG5	AR
TP63	AD
TP73	AR
TPCN2	AD
TPH2	AD
TPI1	AR
TPK1	AR
TPM1	AD
TPM2	AD
TPM3	mixed
TPM4	AD
TPMT	AR
TPO	AR
TPP1	AR
TPP2	AR
TPR	AR
TPRKB	AR
TPRN	AR
TRA2B	AD
TRAC	AR
TRAF3	AD
TRAF3IP1	AR
TRAF3IP2	AR
TRAF6	AD
TRAF7	AD
TRAIP	AR
TRAK1	AR
TRAP1	AR
TRAPPC10	AR
TRAPPC11	AR
TRAPPC12	AR
TRAPPC14	AR
TRAPPC2	XL
TRAPPC2L	AR
TRAPPC4	AR
TRAPPC6A	AR
TRAPPC6B	AR
TRAPPC9	AR
TRDN	mixed
TREH	AR
TREM2	AR
TRERF1	AR
TREX1	mixed
TRHR	AR
TRIB3	AD
TRIM2	AR
TRIM22	AR
TRIM23	AD
TRIM28	AD
TRIM32	AR
TRIM33	AR
TRIM36	AR
TRIM37	AR
TRIM44	AD
TRIM47	AD
TRIM63	AR
TRIM69	mixed
TRIM71	AD
TRIM8	AD
TRIO	AD
TRIOBP	AR
TRIP11	AR
TRIP12	AD
TRIP13	AR
TRIP4	AR
TRIT1	AR
TRMT1	AR
TRMT10A	AR
TRMT10C	AR
TRMT5	AR
TRMU	AR
TRNT1	AR
TRPA1	AD
TRPC3	AD
TRPC4AP	AD
TRPC5	XL
TRPC6	AD
TRPM1	AR
TRPM3	AD
TRPM4	AD
TRPM6	AR
TRPM7	AD
TRPS1	AD
TRPV1	mixed
TRPV3	AD
TRPV4	AD
TRPV5	AR
TRPV6	AR
TRRAP	AD
TRU-TCA1-1	AR
TSC1	AD
TSC2	AD
TSEN15	AR
TSEN2	AR
TSEN34	AR
TSEN54	AR
TSFM	AR
TSGA10	AR
TSHB	AR
TSHR	mixed
TSHZ1	AD
TSHZ3	AD
TSPAN12	AD
TSPAN18	AR
TSPAN7	XL
TSPEAR	AR
TSPOAP1	AR
TSPYL1	AR
TSR1	AD
TSR2	XL
TTBK2	AD
TTC12	AR
TTC19	AR
TTC21A	AR
TTC21B	mixed
TTC29	AR
TTC5	AR
TTC7A	AR
TTC8	AR
TTF1	AD
TTF2	AD
TTI1	AR
TTI2	AR
TTL	mixed
TTLL5	AR
TTLL9	AR
TTN	mixed
TTPA	AR
TTR	AD
TUB	AR
TUBA1A	AD
TUBA1C	AR
TUBA3D	AD
TUBA3E	AR
TUBA4A	AD
TUBA8	AD
TUBAL3	AR
TUBB	AD
TUBB1	AD
TUBB2A	AD
TUBB2B	AD
TUBB3	AD
TUBB4A	AD
TUBB4B	AD
TUBB6	AD
TUBB8	mixed
TUBG1	AD
TUBGCP2	AR
TUBGCP4	AR
TUBGCP6	AR
TUFM	AR
TUFT1	AR
TULP1	AR
TULP3	AR
TUSC3	AR
TWIST1	AD
TWIST2	mixed
TWNK	mixed
TXN2	AR
TXNDC15	AR
TXNL4A	AR
TXNRD2	AR
TYK2	AR
TYMP	AR
TYR	mixed
TYROBP	AR
TYRP1	AR
U2AF2	AD
UBA1	XL
UBA2	AD
UBA5	AR
UBA6	AD
UBAP1	AD
UBAP1L	AR
UBAP2L	AD
UBB	AD
UBE2A	XL
UBE2T	AR
UBE2U	AD
UBE3A	AD
UBE3B	AR
UBE3C	AR
UBE4A	AR
UBIAD1	AD
UBQLN1	AD
UBQLN2	XL
UBR1	AR
UBR4	AD
UBR5	AD
UBR7	AR
UBTF	AD
UCHL1	mixed
UCP2	AD
UCP3	mixed
UFC1	AR
UFM1	AR
UFSP2	mixed
UGCG	AR
UGDH	AR
UGGT1	AR
UGP2	AR
UGT1A1	AR
UHRF1	mixed
ULK4	AD
UMOD	AD
UMPS	AR
UNC119	AD
UNC13A	mixed
UNC13B	mixed
UNC13D	AR
UNC45A	AR
UNC45B	AD
UNC50	AR
UNC79	AD
UNC80	AR
UNC93B1	AR
UNG	AR
UNK	AR
UPB1	AR
UPF1	AD
UPF3B	XL
UPK3A	AD
UQCC2	AR
UQCC3	AR
UQCRB	AR
UQCRC1	AD
UQCRC2	AR
UQCRFS1	AR
UQCRH	AR
UQCRQ	AR
UROC1	AR
UROD	mixed
UROS	AR
USB1	AR
USF1	AD
USF3	AD
USH1C	AR
USH1G	AR
USH2A	AR
USP14	AR
USP18	AR
USP2	AR
USP25	AD
USP26	XL
USP27X	XL
USP33	AD
USP34	AD
USP44	AD
USP45	AR
USP48	AD
USP53	AR
USP7	AD
USP8	mixed
USP9X	XL
UTP4	AR
UVSSA	AR
UXS1	AD
VAC14	AR
VAMP1	mixed
VAMP2	AD
VANGL1	AD
VANGL2	AD
VAPB	AD
VARS1	AR
VARS2	AR
VAV1	AD
VAX1	AR
VCAN	AD
VCL	AD
VCP	AD
VDR	AR
VEGFA	AD
VEGFC	AD
VEZF1	AD
VGLL2	AR
VHL	mixed
VIM	AD
VIP	AD
VIPAS39	AR
VKORC1	mixed
VLDLR	AR
VMA12	AR
VMA21	XL
VMA22	AR
VPS11	AR
VPS13A	AR
VPS13B	AR
VPS13C	AR
VPS13D	AR
VPS16	AD
VPS26C	AD
VPS33A	AR
VPS33B	AR
VPS35	AD
VPS35L	AR
VPS37A	AR
VPS41	AR
VPS45	AR
VPS4A	AD
VPS4B	AD
VPS50	AR
VPS51	AR
VPS52	AR
VPS53	AR
VPS8	AR
VRK1	AR
VSX1	AD
VSX2	AR
VTN	AD
VWA1	AR
VWA2	AR
VWA3B	AR
VWA8	AD
VWF	mixed
WAC	AD
WAPL	AD
WARS1	mixed
WARS2	AR
WAS	XL
WASF1	AD
WASHC3	mixed
WASHC4	AR
WASHC5	mixed
WASL	AR
WBP11	AD
WBP2	AR
WBP4	AR
WDFY3	AD
WDFY4	AR
WDPCP	AR
WDR1	AR
WDR11	mixed
WDR13	XL
WDR19	AR
WDR26	AD
WDR35	AR
WDR36	AD
WDR37	AD
WDR4	AR
WDR44	XL
WDR45	XL
WDR45B	AR
WDR47	mixed
WDR48	AR
WDR5	AD
WDR62	AR
WDR72	AR
WDR73	AR
WDR81	AR
WDR83OS	AR
WDR87	AR
WDR91	AR
WDR93	AR
WEE2	AR
WFDC2	AR
WFS1	mixed
WHRN	AR
WIPF1	AR
WIPI2	AR
WLS	AR
WNK1	mixed
WNK3	XL
WNK4	AD
WNT1	AR
WNT10A	mixed
WNT10B	mixed
WNT11	mixed
WNT2B	AR
WNT3	AR
WNT4	mixed
WNT5A	AD
WNT7A	mixed
WNT7B	AR
WNT9B	AR
WRAP53	AR
WRAP73	AR
WRN	AR
WSB2	AR
WT1	AD
WWOX	AR
XDH	AR
XIAP	XL
XIST	XL
XK	XL
XPA	AR
XPC	AR
XPNPEP3	AR
XPO5	AR
XPO7	AD
XPR1	AD
XRCC1	AR
XRCC2	AR
XRCC3	AD
XRCC4	AR
XRCC6	AD
XYLT1	AR
XYLT2	AR
YAP1	AD
YARS1	mixed
YARS2	AR
YEATS2	AD
YIF1B	AR
YIPF5	AR
YKT6	AR
YME1L1	AR
YPEL2	AD
YRDC	AR
YTHDC1	AD
YWHAE	AD
YWHAG	AD
YWHAZ	AD
YY1	AD
YY1AP1	AR
ZAP70	AR
ZAR1	AR
ZBTB11	AR
ZBTB16	AR
ZBTB18	AD
ZBTB20	AD
ZBTB24	AR
ZBTB40	AR
ZBTB42	AR
ZBTB47	AD
ZBTB7A	AD
ZC2HC1C	AR
ZC3H12B	AD
ZC3H14	AR
ZC4H2	XL
ZCCHC8	AD
ZDBF2	AD
ZDHHC15	XL
ZDHHC16	AR
ZDHHC9	XL
ZEB1	AD
ZEB2	AD
ZFHX2	AD
ZFHX3	mixed
ZFHX4	AD
ZFP36L1	AR
ZFP36L2	AR
ZFP57	AD
ZFPM1	AD
ZFPM2	AD
ZFR	AR
ZFTRAF1	AR
ZFX	XL
ZFYVE19	AR
ZFYVE26	AR
ZFYVE27	AD
ZIC1	AD
ZIC2	AD
ZIC3	XL
ZMAT2	AD
ZMIZ1	AD
ZMPSTE24	AR
ZMYM2	AD
ZMYM3	XL
ZMYM5	AR
ZMYM6	AD
ZMYND10	AR
ZMYND11	AD
ZMYND15	AR
ZMYND8	AD
ZNF141	AR
ZNF142	AR
ZNF143	AR
ZNF148	AD
ZNF18	AR
ZNF219	AR
ZNF292	AD
ZNF3	AR
ZNF335	AR
ZNF341	AR
ZNF407	AR
ZNF408	mixed
ZNF41	XL
ZNF423	mixed
ZNF445	AR
ZNF462	AD
ZNF469	AR
ZNF483	AD
ZNF513	AR
ZNF526	AR
ZNF541	AR
ZNF589	AR
ZNF592	AR
ZNF606	AD
ZNF609	AR
ZNF644	AD
ZNF668	AR
ZNF674	XL
ZNF687	AD
ZNF699	AR
ZNF711	XL
ZNF713	AD
ZNF750	AD
ZNF804A	AD
ZNF808	AR
ZNF81	XL
ZNF862	AD
ZNFX1	AR
ZNHIT3	AR
ZNRF3	AD
ZP1	AR
ZP2	AR
ZP3	AD
ZPBP	AR
ZPR1	AR
ZRSR2	XL
ZSCAN10	AR
ZSWIM6	AD
ZSWIM7	AR
ZWILCH	AD
ZYG11B	mixed
