moi	rule	bin_lo	bin_hi	cutoff_value
AD	BA1	0.3500	0.4500	1.905761e-03
AD	BA1	0.4500	0.5500	2.490291e-03
AD	BA1	0.5500	0.6500	3.545073e-03
AD	BA1	0.6500	0.7500	5.255328e-03
AD	BA1	0.7500	0.8500	7.961137e-03
AD	BA1	0.8500	0.9500	9.618686e-03
AD	BA1	0.9500	1.0500	9.694468e-03
AD	BA1	1.0500	1.1500	9.870938e-03
AD	BA1	1.1500	1.2500	1.003554e-02
AD	BA1	1.2500	1.3500	1.006713e-02
AD	BA1	1.3500	1.4500	1.006932e-02
AD	BS1	0.3500	0.4500	1.604761e-03
AD	BS1	0.4500	0.5500	2.105901e-03
AD	BS1	0.5500	0.6500	3.048322e-03
AD	BS1	0.6500	0.7500	4.337255e-03
AD	BS1	0.7500	0.8500	5.978775e-03
AD	BS1	0.8500	0.9500	7.400587e-03
AD	BS1	0.9500	1.0500	8.353949e-03
AD	BS1	1.0500	1.1500	9.004356e-03
AD	BS1	1.1500	1.2500	9.248769e-03
AD	BS1	1.2500	1.3500	9.286505e-03
AD	BS1	1.3500	1.4500	9.289148e-03
AD	BS1_Moderate	0.3500	0.4500	4.355956e-04
AD	BS1_Moderate	0.4500	0.5500	8.694721e-04
AD	BS1_Moderate	0.5500	0.6500	1.756512e-03
AD	BS1_Moderate	0.6500	0.7500	2.468252e-03
AD	BS1_Moderate	0.7500	0.8500	3.398739e-03
AD	BS1_Moderate	0.8500	0.9500	5.020579e-03
AD	BS1_Moderate	0.9500	1.0500	6.694197e-03
AD	BS1_Moderate	1.0500	1.1500	8.013716e-03
AD	BS1_Moderate	1.1500	1.2500	8.638097e-03
AD	BS1_Moderate	1.2500	1.3500	8.796565e-03
AD	BS1_Moderate	1.3500	1.4500	8.838100e-03
AD	BS1_Supporting	0.3500	0.4500	4.067995e-04
AD	BS1_Supporting	0.4500	0.5500	7.658245e-04
AD	BS1_Supporting	0.5500	0.6500	1.267594e-03
AD	BS1_Supporting	0.6500	0.7500	1.221613e-03
AD	BS1_Supporting	0.7500	0.8500	1.185670e-03
AD	BS1_Supporting	0.8500	0.9500	1.531017e-03
AD	BS1_Supporting	0.9500	1.0500	2.678439e-03
AD	BS1_Supporting	1.0500	1.1500	5.280118e-03
AD	BS1_Supporting	1.1500	1.2500	7.558676e-03
AD	BS1_Supporting	1.2500	1.3500	8.193362e-03
AD	BS1_Supporting	1.3500	1.4500	8.282280e-03
AD	PM2_Supporting	0.3500	0.4500	3.842956e-06
AD	PM2_Supporting	0.4500	0.5500	4.136603e-06
AD	PM2_Supporting	0.5500	0.6500	4.328363e-06
AD	PM2_Supporting	0.6500	0.7500	4.616136e-06
AD	PM2_Supporting	0.7500	0.8500	5.052076e-06
AD	PM2_Supporting	0.8500	0.9500	5.425733e-06
AD	PM2_Supporting	0.9500	1.0500	6.059394e-06
AD	PM2_Supporting	1.0500	1.1500	6.549671e-06
AD	PM2_Supporting	1.1500	1.2500	6.485568e-06
AD	PM2_Supporting	1.2500	1.3500	6.108329e-06
AD	PM2_Supporting	1.3500	1.4500	5.829315e-06
AR	BA1	0.6500	0.7500	3.283284e-02
AR	BA1	0.7500	0.8500	1.768091e-02
AR	BA1	0.8500	0.9500	2.252032e-02
AR	BA1	0.9500	1.0500	3.879988e-02
AR	BA1	1.0500	1.1500	4.129003e-02
AR	BA1	1.1500	1.2500	3.644569e-02
AR	BA1	1.2500	1.3500	3.883786e-02
AR	BA1	1.3500	1.4500	3.968552e-02
AR	BS1	0.6500	0.7500	2.760956e-02
AR	BS1	0.7500	0.8500	1.447196e-02
AR	BS1	0.8500	0.9500	1.770744e-02
AR	BS1	0.9500	1.0500	2.854089e-02
AR	BS1	1.0500	1.1500	2.917064e-02
AR	BS1	1.1500	1.2500	2.673366e-02
AR	BS1	1.2500	1.3500	3.215361e-02
AR	BS1	1.3500	1.4500	3.528266e-02
AR	BS1_Moderate	0.6500	0.7500	3.866718e-03
AR	BS1_Moderate	0.7500	0.8500	5.335792e-03
AR	BS1_Moderate	0.8500	0.9500	7.540071e-03
AR	BS1_Moderate	0.9500	1.0500	9.991924e-03
AR	BS1_Moderate	1.0500	1.1500	1.096736e-02
AR	BS1_Moderate	1.1500	1.2500	1.093589e-02
AR	BS1_Moderate	1.2500	1.3500	1.519445e-02
AR	BS1_Moderate	1.3500	1.4500	2.384007e-02
AR	BS1_Supporting	0.6500	0.7500	3.252079e-03
AR	BS1_Supporting	0.7500	0.8500	3.292381e-03
AR	BS1_Supporting	0.8500	0.9500	3.129579e-03
AR	BS1_Supporting	0.9500	1.0500	3.014759e-03
AR	BS1_Supporting	1.0500	1.1500	3.599859e-03
AR	BS1_Supporting	1.1500	1.2500	6.003801e-03
AR	BS1_Supporting	1.2500	1.3500	1.150634e-02
AR	BS1_Supporting	1.3500	1.4500	1.973764e-02
AR	PM2_Supporting	0.6500	0.7500	5.697929e-06
AR	PM2_Supporting	0.7500	0.8500	4.867695e-06
AR	PM2_Supporting	0.8500	0.9500	4.892309e-06
AR	PM2_Supporting	0.9500	1.0500	5.315721e-06
AR	PM2_Supporting	1.0500	1.1500	4.987439e-06
AR	PM2_Supporting	1.1500	1.2500	4.393077e-06
AR	PM2_Supporting	1.2500	1.3500	3.978148e-06
AR	PM2_Supporting	1.3500	1.4500	3.239703e-06
